item_id_A,item_id_B
2074397,2157090
957589,88850
957719,88931
283220,92472
283221,92825
283739,94083
283841,104363
361763,91743
284061,97049
284215,99207
284408,91812
2233977,114901
356565,97616
356595,952025
2204665,106219
2788879,108313
2235428,952705
2092704,97506
2236390,111432
2208984,115567
2204524,112159
2204798,108768
2208342,949462
2236382,115800
2072506,2684868
1919936,111366
2259725,951134
1938221,107962
1941323,101990
2196672,1086955
1939844,102962
2230458,97212
2231019,1884149
1913815,948943
2063114,113909
1947291,112833
361472,104397
2775040,1864950
2756319,107260
283315,101410
379133,96243
1927647,107137
1915176,103190
1945765,108200
2058944,948785
2063519,1867012
2753607,101891
2072272,101060
2756339,948292
283416,957967
2755951,959384
2218403,1088683
2071263,100878
2756460,1083360
2220710,115668
2220971,113083
2234410,106888
2218262,950394
2221359,109848
2221363,113184
2221367,103819
2221369,105071
2070540,2030247
2221584,1163182
2221715,108070
2205523,111062
2221686,106335
2071079,1703225
2222209,106209
2751519,101696
2117429,2030620
1947754,951722
2071084,102836
1931987,951994
1948865,950876
1935099,1884137
2779052,104420
2779053,104320
2204734,114521
2205538,115485
2222319,1088658
2259294,114095
2199145,109036
2779085,105852
2120819,92630
2221773,115585
2225361,1088665
2226697,113268
2227051,110639
2223314,113010
2227526,113122
2227646,948511
2227649,114824
1942029,1091810
1915649,104996
2051540,953610
2198058,104364
2197692,101589
1943448,951999
1925946,93094
1917404,97397
2069193,954874
2066097,93245
1943466,92682
1946831,93417
1925941,92288
2065963,952388
1930198,91735
2070888,954850
1924247,93077
2258363,93105
1927104,102880
1941724,92703
2054256,104059
1946804,95189
1941725,954950
1929913,92508
1925686,1089356
1925949,92459
1925947,104748
2258775,92512
2070310,92345
1925930,1088184
2070305,1088194
1925950,92701
2055120,92208
1946796,95125
1942964,97304
1941732,955001
2194548,954994
1925931,93088
1946810,95142
1941666,954822
1929012,91763
1930446,93465
1929364,91746
2102959,2028190
957911,1087862
1914787,954095
2067133,948041
2051539,951853
1948312,102726
1943479,1087568
1929828,91703
1931085,92383
2068725,92880
1919637,93244
1919639,93296
1938093,103916
1917753,103969
1914954,94525
1948328,91844
2197774,1892963
1932997,1146371
1916031,92711
1917740,1089637
1917739,1089638
1921505,102861
2055341,1090222
1945770,101118
1940330,98641
1930267,91809
2758881,92346
1919633,93241
2260461,99545
1917482,951759
2065973,97930
2260462,99761
1932978,100403
1941742,92177
1944571,92793
1944579,92805
1935487,91786
1927607,92202
2116528,91928
1924204,1866136
1925277,105244
1923391,111597
1923380,111595
2053611,91720
1917483,98579
1928671,1090238
1946324,92617
2065305,93731
1940232,92415
302100,954303
2052710,94855
2052721,954047
1930747,95728
2070280,94042
2114680,92339
2052405,1090652
1937850,93393
2088442,94024
1921445,94186
1946790,1084900
1930921,93320
2258280,1088890
1921843,88657
2077811,1884030
1927581,95099
2052851,95157
1928404,94932
1939436,95292
1927578,93687
1919139,1703393
2202225,94915
2069124,96085
1925558,953988
2066671,954265
2392982,97129
1940222,91736
1921304,105889
2068400,115905
2131015,1088508
2258471,2136827
2261431,1084665
1921870,956388
2051073,1084197
1923730,93650
2790713,99727
1928465,91699
1932608,99456
1929234,1086285
1925705,96796
2790721,1086200
2790729,101517
1917815,101786
363574,104554
1930021,1145055
1925704,96356
1925711,92933
1935488,91776
1917809,99053
2790733,95753
1939553,94876
2055498,1089444
1928164,95332
2077383,2029248
2235004,107486
2071425,98649
2258153,92548
2215845,1162381
1932991,100398
1940151,92327
1939213,1090107
2683121,92602
1944921,103683
1928772,91701
2052337,92644
2209030,113467
1933454,952739
1915459,95706
1940869,93352
1932970,105213
2230934,113104
2230935,109111
1922739,1091007
1915628,102306
2068758,93089
2204775,951364
1928103,94975
1921770,88894
2051627,91835
1946169,93159
2387828,102445
1916972,105947
2231016,106891
2215708,948259
2053660,97767
1932617,103408
1932543,100051
2064439,109820
2051334,98488
2124710,96014
2258650,95918
379127,93243
1930777,91716
1940224,92619
1930589,92000
1942973,104119
2069382,105928
1943394,94165
1913539,96914
1947417,95800
1942435,111716
1922747,105960
1933723,88985
1917042,1090741
285099,100569
2054759,98759
2235392,1953532
2235395,951054
1945957,96304
1933672,88720
2068644,1088981
2076683,93808
2066655,954360
1929721,93385
1920650,103670
1928764,100752
2051095,93683
1921837,89152
285102,98240
1930884,100637
2230908,110436
2123668,108495
1924529,102845
2052525,953928
2236092,107671
1941620,104999
1917041,1727133
2054447,92256
1942034,97607
2065025,99292
1931729,97431
1942695,95075
2194188,92582
1948791,93275
283218,91897
2230815,109253
2230927,109166
2236373,1162348
1938104,103931
1924557,2133783
283069,93436
1931057,93335
2216059,1092098
2208925,112946
2208932,106265
2236106,2028217
2220772,110744
2207990,108395
2236525,950990
914332,100339
2068387,98939
2208379,114076
283319,92841
2208992,114152
1914637,1090662
1923225,1089590
2204838,950598
2230931,110590
2207962,114932
1926801,95983
2208101,1091780
283186,105993
1931965,102692
2216058,113982
2207961,106364
1925179,100626
1925943,93114
2204850,108734
1939238,95523
2204682,107494
2208934,112600
2208500,113212
2230869,1870839
2209002,109590
1934571,952016
2209003,115370
2230875,1090044
2209029,114315
2208572,110653
2209090,114667
2204697,111907
1912502,102739
2236626,110637
2204888,1090036
2204503,950991
2236617,951223
1925744,103500
2208172,949838
1934573,104562
1938094,101434
2204742,113898
1917788,1722559
1921490,105413
1917800,99056
2208032,107493
363493,94904
2204711,107618
2197831,96268
2061290,112881
2236778,107228
1917782,96358
2236789,107247
372165,92751
2208261,2144581
2123677,108554
2236812,951442
2236826,2157056
2236836,110644
2237393,111331
2236976,951503
2236975,111888
2051417,951252
2221783,115706
2200896,113438
1919656,110715
2236845,948392
366784,110717
1919742,113842
584558,951013
2679031,114229
1935511,112847
1918716,106186
2076411,949191
1935329,950965
284521,950706
2103964,113153
2384872,91421
1935212,110697
2050648,950574
2236633,948397
1927465,948084
374089,110998
1938061,107478
2050382,111176
2115217,94339
2237327,113799
1919954,110025
1935041,105724
2062606,949929
1925171,948138
2058116,114745
1931874,950612
1942337,108104
1941315,952926
2055859,957082
1912211,950396
599831,102647
599706,106150
2050468,949911
2194810,2682353
600177,110925
364582,107112
1922805,1090893
600009,109974
283616,106067
1940965,111686
1946112,949974
600095,112657
2215638,112265
1928610,106164
599609,105966
1925098,100327
2775075,2143156
1912491,103902
2791118,104787
2791119,2139914
2273268,93580
2068973,103276
284520,103920
370118,96832
283006,105446
2242462,109994
2679338,102751
365348,952696
957588,104830
1924265,104393
283229,96914
2051298,1090226
2200049,105568
2242744,115604
1930670,105118
2055997,951876
1915431,98484
2791130,2024938
2791135,1087771
2791137,1089595
2261450,1086942
2258651,103964
1925108,100327
2194066,1091820
2065558,91800
1928332,112241
1941701,954927
2760196,91897
2385527,2130732
1942460,103507
1934530,93427
2065747,96889
1925974,954080
2244395,107043
2244399,107040
2051484,91883
1930539,91766
283139,97009
2758952,98093
1946833,94108
2758956,1857095
2227667,115431
283291,1882673
361516,1086934
2195395,99226
599871,95562
2068312,958605
1920606,91321
283057,95317
283227,104145
367708,100478
284850,104422
2213355,1866133
2385274,949804
2221544,1089695
2266693,90038
1944313,95410
1939833,102962
283178,952762
1930551,91781
2127708,101616
2758977,2015960
1928869,94444
284479,952329
600108,99671
2211557,107040
304540,105426
1917481,98578
283450,94970
285149,101008
914320,95527
2759029,1089754
361975,953592
2791170,1090277
2791172,91422
599883,91876
284757,93262
957867,1083139
284461,95503
1942425,949339
1942338,108104
1941227,108343
1935316,114861
2049877,949995
375878,950706
2260770,1090951
2250005,950439
1923555,1086934
1915469,100248
2201362,1703493
2202633,1090212
2214951,114602
2223779,114602
364295,111046
1916864,109087
2050712,110892
1935318,113874
284478,950344
1942780,108775
600454,110793
1926307,96953
1912078,99299
2118619,107103
2051389,114918
2067263,98576
2124510,97351
2077269,88748
2202703,951395
1938187,97164
368397,98095
2759119,104661
1941870,97415
1942003,103388
1915175,953051
1941200,951810
2112479,1855958
2759124,1871383
2391784,99889
2077125,1083198
2393004,1092082
2124733,1953520
2094062,2017807
2202833,102292
2055724,105902
2054717,103403
1939541,93456
1949564,1090221
2052935,98546
1930324,95464
2052795,94336
1915191,103038
2196779,2144571
1941765,104697
2252356,104358
1935314,109910
2759161,101885
1933265,109986
2196895,2682577
2103953,109696
2218753,1085143
1939918,949403
1916843,1088532
2053506,1084481
1941017,950497
2252702,110095
366946,104090
369126,99800
1946801,93766
2069834,103527
1926591,101205
374822,105306
2084846,112839
1930527,93337
2391970,106105
2084711,113774
2084856,111070
2060434,102485
2268899,96658
1939893,1100276
1942119,948594
364065,107948
367071,108712
284901,114643
1942309,113988
2793470,114087
361411,114352
599715,106826
2084713,109919
2195257,107173
1914497,108023
2063095,108542
370661,108080
1922950,109494
2084003,108978
371406,115025
1914332,949138
363583,97030
599797,1865624
2194676,100987
2793498,99012
2083726,1090132
2793524,101778
2083725,108137
2385945,950574
283424,95507
2090349,104368
2056454,100644
284915,95702
1929411,1868766
2252894,108454
362221,105117
1930137,105632
2102810,102142
914305,95460
374226,88243
2067561,103639
2383258,1882673
2071650,103625
599615,105451
2065113,952247
2273790,2159263
2053112,1084094
1944514,102982
600072,99419
1943147,91619
2127510,1726457
2068883,94819
2052496,104735
2052635,101414
2194095,2147151
2387238,95542
1923925,953158
284669,99350
2252901,97219
371465,95542
379324,1089611
2052520,952728
2067871,2011600
600357,98467
1924643,1090417
2054639,99284
2052548,951775
2052521,952988
2111280,1090429
2052953,100880
1941982,105171
379173,952767
2086311,111447
2274393,102374
2083513,951691
2090232,99361
2122510,1084083
1917092,100428
1933451,97613
599617,91831
1943148,91617
1919641,93264
2114597,1090228
2080895,101047
2203128,1725344
1923368,1084299
379176,958017
2089896,97056
1939265,953187
2069633,1087581
1925089,100321
1921513,953768
2111933,113444
1932982,100402
283135,108307
283107,93144
2051523,104240
1931221,94451
1938009,91982
2089758,954636
1917738,99712
1917736,100472
2793567,97620
283022,92127
2055160,91984
599639,91803
1940125,91972
1946829,1084896
2088406,95133
1931296,91725
1941720,92602
1945758,95720
2066539,95152
2387313,100262
2066514,91485
2195122,108648
2068142,93433
2074289,108631
1941682,92966
2089466,88241
2082783,97737
2267432,1888795
1948334,91913
1918569,98669
2203716,952580
1920304,93865
1935621,93610
2202775,98210
2082786,105309
2082785,105151
373354,103188
2087651,105191
1946808,93380
599670,105665
365012,93232
356427,98765
284491,96848
2756950,103316
284625,105034
371863,104626
1933113,94475
1913073,98696
584406,103728
283143,96081
599775,103170
584395,99204
370788,103480
1920659,105216
1930760,92069
2274336,95555
2748604,94104
957947,88604
957750,88899
369800,99047
1927588,93720
370390,100140
957902,956166
1915869,1083150
285020,91987
1946153,91510
2793603,93259
283213,93291
284695,96270
2052428,1083163
370732,102706
2067301,1084145
957443,93061
2052424,955202
2052250,1083219
600058,99583
1917768,102521
1930171,98698
2243424,112806
2061569,949307
369856,111250
1932808,113466
1915920,1090679
283254,107917
1915465,97236
365173,113326
2057587,114292
1946066,114297
600096,112653
600057,114897
1928825,953696
2072746,1884129
2203498,958964
2073971,1166340
2072302,952061
2773250,104912
1942302,107961
1942336,108104
1942381,110963
2059200,113529
374885,108810
2127357,2042652
363881,113343
1914758,957971
1942319,112092
374049,957993
1913758,115602
1942311,1091369
1942301,109633
2252705,950487
2244202,111511
284297,113908
1927036,92364
1927040,93217
2082387,1089104
1943464,93122
1915879,91422
1951923,105347
2105886,94362
2067720,102526
2082002,93719
2074546,104564
2748691,93533
284502,951013
2068633,100897
2240207,114949
2077161,96824
2230882,108686
2243432,107598
283822,95087
1941837,1895463
2082150,99560
2127734,93261
1923454,104923
1941711,92746
1928473,102139
1944837,955179
2208017,106990
2067757,102571
2082404,90379
2088683,1091038
2088750,104133
2757071,103073
2253326,114895
2234207,106215
2202785,953719
2087565,91949
1942137,110207
1941092,104125
2081245,90914
2208534,2157054
2204011,103799
283261,102121
2253478,952704
2089399,96786
2202800,96402
2082219,95214
914316,97463
2082166,1090346
2065772,98048
2757064,97737
2240196,2038577
2240198,2038578
2240199,2038578
957654,954753
2208649,106649
2757070,97739
2209072,107610
2208752,949519
2209095,1091513
2380749,98182
2204732,111078
2253504,2685339
2082132,97848
2087734,101982
2204679,107927
2209295,106737
2208569,115444
2253659,948097
2204724,115255
2209298,114454
2237297,110958
2237033,110592
2204793,106317
363568,106911
367821,107705
2204808,112774
2204860,114049
2082176,105142
2272061,948861
284447,92903
2081520,1722474
2087000,101535
1939938,949689
2081098,955493
2066612,103951
599938,95321
2086698,98857
1944942,99589
2114886,103978
2200475,2685413
1925975,954024
2757499,1088595
2086572,2028222
2080009,949244
1930291,1717962
2080058,114011
2080038,114011
2080636,108398
2050655,106073
2079933,107399
2079853,1892991
2086513,106446
1938160,98789
1942454,102347
2064088,113962
2086144,108074
2086263,111280
2086313,108205
2086148,114202
2385272,113118
1915364,102841
2085972,106981
1939936,949667
2049459,1953555
2084118,1089553
2063345,106360
2085940,115308
1919524,111444
2050945,99323
1919523,111445
2385336,950076
1939089,114515
1938997,112628
283547,112204
2086024,1091316
2084113,106530
1915153,106483
2084088,115342
2120758,950498
2086090,109443
2053035,1863079
2086153,107776
2085951,114992
2086164,114071
2084061,950561
1916826,106736
2772271,1089430
2067036,91515
1941755,951780
2089156,100565
1923559,103560
2120511,108568
2086066,1091292
1938064,109845
2091290,107293
2085621,109809
2085953,115415
1938074,107641
2080716,111745
2051374,111744
368639,102840
2087584,106343
1920975,1725345
2757246,2141283
373288,104331
2068558,97793
2271113,950835
2084000,1090676
1940473,108580
2107061,1086963
2063453,948370
1948177,957981
2252761,106458
1940478,107519
1935652,112516
2252617,110275
2757777,951436
2204413,949901
2204426,114184
2204436,949294
2204435,2012912
2204493,108488
2204502,108340
2204515,107706
2204523,949026
2204536,951369
2069179,92821
2772488,951073
2204694,951203
2204700,111919
2204710,106818
2204733,115371
2204736,110453
2204753,115439
2204747,114821
2204762,949624
2204780,109148
2204800,107750
2204812,951487
2204814,106321
2204820,112271
2204884,108111
2204895,951200
2204897,1091566
2205649,112775
1942014,104560
2063253,115608
2757847,951252
2255587,109994
2242570,114385
1949160,98690
2052387,1083162
2257767,95784
2258311,92363
2772607,107204
361449,96603
1930846,102970
2053552,954065
361760,91816
1933270,109709
1924450,100383
2086130,109446
1919101,97706
1938964,115335
2051839,97917
1932448,107397
1932510,109069
1937807,2159294
1940997,112124
1948432,114661
2086788,94270
1923592,114284
2259628,112790
2201665,94866
1941030,950636
2086069,107791
1919106,1087808
2260469,953584
2260463,93130
364341,104559
2214862,1091287
2203218,108652
2779597,106050
2258148,102744
2258244,97214
1923352,110628
2085766,114081
2199257,105106
2387089,1087802
1943143,93778
2051909,93826
1917682,97302
1937902,1087381
2115164,98032
1933111,94476
2773324,103618
1921310,104221
599739,99206
2251812,91947
2251813,92789
1925682,105150
1938130,97987
2052646,91351
2204674,948090
1920286,101006
361628,948251
2262760,113653
1919561,1722506
1916352,102661
2195286,1089409
1921319,96893
2052109,98033
2075037,1083433
2063294,950188
1946967,104204
1915326,950475
2262913,1094789
1940493,949300
1935636,951043
1937487,110143
2056417,99794
285111,110562
2065186,95415
2062897,950658
2052296,95377
1916646,95375
1943144,91616
1927425,100132
2678350,110808
1924096,104129
1925529,93485
1925543,954061
2197773,954927
1941719,92027
1933685,88715
2051828,104192
1930285,96619
1914645,97885
1929891,96838
1928531,102763
2068162,94817
2127485,103758
1924549,96078
284597,96939
1947614,1083235
1915796,91323
2053071,98083
2052701,91377
2052631,91442
2067102,1084243
283794,952514
1944510,103024
1942456,103428
284253,104407
2772269,91464
1932186,93685
284620,98661
1931737,104595
1942730,100462
2067199,91945
1944742,92870
1944314,93623
1927045,92139
1916477,1091949
1920908,104409
2066233,94734
2271007,114436
2387653,1084165
1916030,92712
1947917,106155
1922265,92710
1926335,97662
1927034,92762
1927032,92748
1932293,1088610
1938192,104195
1927094,103667
1938177,98005
1914849,104351
283696,101919
2065053,104358
1924324,103628
1924320,96083
2215727,1090186
2240197,114949
1930150,956407
1921334,95893
1921281,105024
283281,98080
1928188,93367
1925153,1090342
1925155,1090870
2069386,96216
1917458,92829
2065532,98154
2065192,94050
1933006,102633
1931690,96549
2065385,1090237
1922080,88385
2065483,88084
1921758,88895
2051019,98077
1929877,95476
1922048,1866120
2054636,948952
1939115,111493
2063371,113910
2053655,1148190
1939003,114353
2195206,2159341
2086396,114958
2678510,111072
2063817,108860
1927627,949554
2062278,1858055
2060422,952544
2195882,104350
2059870,99520
1939138,115335
1939917,949395
1935105,98989
1940471,106171
2070352,93022
2069191,93105
1920968,949282
2195084,106964
2386776,105119
1919506,949157
1932493,110858
2386591,953944
283442,1088816
1922094,959688
2386725,103890
2678701,100667
2068737,104957
2127519,104873
1935042,954912
362318,92350
1941122,114508
1915261,112050
2111789,100416
2386927,1084217
1936512,949865
2063005,115659
2060367,102515
284379,102262
1918411,953617
1933701,100098
2779674,96254
1926326,95686
1924508,102612
1939236,104817
1926313,103472
1930265,91748
369710,95566
2052938,1090767
1946553,1090852
1930263,105646
2197950,107413
2072044,105421
2054594,101620
1919922,948907
2069158,97520
2202029,105294
2065107,954532
1946600,952244
370758,100814
2067560,953117
1931738,97107
1930060,953582
1946544,952029
2065996,92190
1914370,103211
1935644,112606
1930824,95475
1945951,97051
1944981,953273
1920661,953836
1931902,1870829
2197656,100998
1925216,93821
2067766,953570
2066542,954852
2674425,110964
1946123,2146637
1915197,948385
2679219,107130
2236535,951354
1916489,101798
2392776,1086583
2051023,98081
2061587,111752
1931720,104501
2201365,93522
1916346,105053
2204760,113593
1943456,103885
2073240,99345
2060053,97312
2785044,104631
1948310,95630
1944991,104476
2067673,103545
1915215,952297
2059945,103700
1916342,104191
2193975,2138730
1933699,105224
2081564,104203
1933687,97769
1916321,101699
1933694,104877
2759243,95801
379467,102980
2080584,107187
2084952,100032
1934680,104075
1931961,102692
2052610,102056
2063424,115222
1941005,949715
2060197,104012
1921064,951798
1921058,951798
2124833,98099
1919854,952529
2105011,96224
2686030,100769
1921302,104942
2066387,98104
1924326,102447
1942777,949089
1924110,99147
1921840,87823
1914790,94634
2076604,111998
1915800,91343
1919316,1090621
2076787,91907
1924333,98363
1933707,104903
1933698,952559
1942283,102955
2258405,94305
1933695,1163502
2075676,98018
2087649,98035
1915331,951280
1917236,1090073
2054403,107046
1929986,106165
1916857,109085
1915873,91325
1940166,1088554
1915806,959373
2252623,1884018
2096041,2017821
1938706,109987
2052039,949309
1927882,1090305
1919527,110826
2053068,98078
1935171,1088569
1945688,106306
1929526,91721
1943360,110478
1941012,108806
1923588,1089619
1938574,950724
2258411,94304
2054370,107119
2772737,108373
1938695,948296
1916842,948954
2051834,99910
2124832,98421
1921066,102273
1932801,114573
1925168,102922
1944924,1086290
1942266,98091
1931227,1088113
1938188,97989
1923332,109254
2059980,103585
1946508,100495
2054399,108293
1940034,951024
1938702,109155
1923357,950241
1948284,113161
2270553,107517
1922958,106760
1944872,103852
1925200,106931
2050669,109966
2103960,107175
2059887,104985
1937803,2159298
1944896,1086223
1934308,88610
1933703,97769
2223063,112810
2075240,1162380
2071522,99447
1938436,1094234
1912724,105568
1931157,950765
2267218,950851
1941279,114277
1912956,2038574
2773141,105994
1944787,109316
2272206,102877
2258135,1089602
2386520,104476
1914989,107684
2267445,95116
2049089,949783
2065444,97862
2071982,103361
2071953,99508
369070,102795
284602,1089959
1931771,953943
1914747,957979
1930142,93309
2067746,105616
2066472,91672
1941636,104077
2053803,95493
2267529,112247
2054538,104865
2069206,103833
2116356,97694
1948175,957991
2773225,101999
1932434,96649
1912714,101072
2075229,951506
2052907,104212
2202898,2682254
1935098,115071
1915051,110058
1912084,951055
2060002,96606
1947105,1884128
2084870,952163
2060479,101779
2252549,114108
1916601,109521
1938067,107641
1931494,950766
1937643,113738
2072138,1091211
1946799,93992
2051795,100838
1916482,1089595
1917292,2157064
1916447,1091945
2124033,952135
1948660,112860
1932681,111423
1938000,950297
2055258,950687
2748937,111524
1919835,115168
2060466,1083251
2060408,2138728
2056027,1091026
1947598,91320
1915876,955229
2068653,94074
1926314,100359
2052662,91292
1924328,1090347
2052655,98322
2110435,109298
1933706,104915
1924548,100556
2068266,102156
2068870,105391
2060305,101779
2272250,108092
1928080,953229
2119578,958599
1947916,106170
1927044,92739
1919837,110273
2054721,103993
2056530,101674
1912814,103504
2215827,112803
2215717,108864
1922999,104395
2123739,1084249
1922720,960059
2056261,95943
2772180,103415
2062290,1858054
1939162,97681
1924237,98235
2200422,2685795
366939,105443
2214832,2144558
284380,103110
2053659,1162328
283035,96183
914306,102944
1945669,112675
284668,95525
284660,103888
284582,96881
362506,95728
1917233,953660
283184,104245
283190,103627
283425,95564
364931,1894585
914331,101336
283141,98466
2067698,103735
1933063,114747
2774523,1086568
1929255,91311
1941411,102737
361626,95461
283889,95451
1945671,112594
371832,104537
599622,99457
283154,103426
283842,102493
1944744,1725356
2195995,95846
1946822,94109
2384271,110897
361471,104988
1932686,113891
284586,99547
1932725,113001
2061314,108298
375020,105713
283987,96954
363103,100477
2794169,100421
2794178,952651
283228,958511
283380,105528
1942024,100651
1914895,103165
2749276,97618
2061977,108884
599940,100417
2069298,100297
285168,97672
2051287,951746
1934681,1090653
366791,92553
284409,91834
2258242,102152
1929519,105897
2794208,1882684
2794209,1882683
2794211,97253
2794220,2040961
1925970,954083
1945707,115147
1945716,948675
283130,98479
283210,91897
283217,93292
1948750,948581
283545,93272
1945706,112850
284111,96635
1933702,98398
2270655,1092060
2272420,93716
284387,99749
284747,92181
284865,1087550
1927972,106589
2061563,951259
1943383,102810
957500,88907
2202212,954186
2759145,2139102
2201913,1084664
1925344,94837
1933705,105265
1946802,93440
374991,93179
1939554,93751
2272547,2143980
1920394,951297
1914347,115518
2198645,93486
1915237,2019974
1940425,100919
361776,1090529
284206,1090512
1929653,91769
370925,95991
285117,1084369
957456,1086282
2774613,101648
284509,1087447
284662,105436
2794262,98068
1924419,93470
361800,105504
2272732,958327
600023,99670
2065598,2130404
2794278,96027
1927753,1090035
1945790,950139
2062416,1864028
2054216,93065
1927454,95649
363541,95808
283417,102137
584388,105022
1945670,112699
600470,92195
1945712,113441
1937374,106071
2112054,94616
1947068,109343
2112205,99793
1945700,112800
1945709,112915
2061322,951261
2058814,108959
372627,1091060
1930534,91709
1921438,104247
379448,102892
283115,103211
1915216,952297
283189,103918
1937845,94689
283422,97117
283379,96657
2076687,95237
599835,93426
2117315,102528
1925560,94903
2117640,104295
284741,98763
2054719,97515
1941158,951904
2114606,105877
1914654,1092070
2118985,1091949
1926188,98170
1918377,953616
1947432,105307
2054597,1857099
1940755,111487
1944852,96577
1932676,108265
2122490,92314
1939074,115159
366767,93147
2061034,110477
1915067,95273
2794292,95701
1921289,104036
914309,99466
1927962,112678
2054413,107148
2054395,107226
600093,93999
2105827,91952
376215,98996
584267,954060
283129,104379
1928152,93656
599618,104662
361465,91837
283325,92149
584289,95276
2115363,114937
283907,95537
1927969,106425
1945678,111478
1945718,111476
367639,94699
379263,2028448
302120,954310
914299,97305
957809,88593
1921861,88467
1922905,957973
2063006,1874502
1931134,93382
1931571,91318
2251816,949710
1925684,105098
1938149,105370
2066951,952057
1922887,950662
372407,104934
2053780,104699
2380568,109733
2074322,948262
1917527,106497
1938974,112924
1914542,108804
1945690,115122
2064354,107490
1948704,115692
2769573,111111
2051730,97917
1936670,1866390
2680522,949058
1925591,100786
1925577,102806
2062060,112638
2052687,1083164
1945725,107183
2053712,2028216
2054423,107196
1929150,103900
366417,97691
1923777,97710
1935491,91796
1925542,94823
2086910,1089569
2061617,948181
2066549,91470
1925528,954066
1952289,100263
2089124,952589
2123662,109417
2068568,1857097
1930122,103400
2054034,1090221
2103067,97997
2061999,112825
1921850,91698
1920019,1090605
1915872,958661
1924534,95594
2066983,955201
2127832,115068
1912022,100383
2066522,91556
1938803,953052
1939937,949397
2052164,98431
2127766,1083208
1946152,91684
1930044,91775
1919582,1091115
2051905,93582
2052281,1089440
2195086,2682381
2194212,104334
1919834,115168
1932763,113129
2772401,951256
1942982,102825
1914328,113483
2217719,107518
1939660,948818
1944358,107426
2065933,103299
1948867,110613
2055218,93235
1945697,111586
2103376,110127
2194412,2137908
2074868,1087758
1915166,1884151
2065904,96936
2050435,957283
2066515,91582
2055199,101211
2077205,93696
375677,107511
364644,113524
2104781,950248
2090357,98160
2088495,1870826
2090231,2030609
1941499,113525
2069144,2019989
1912028,104774
1920289,99613
1934497,107023
1919107,958101
379287,100326
2095902,108392
1938091,1088187
2772479,1090684
2092504,114066
2085943,950694
1939112,113508
1947002,949111
1923691,114269
1940438,112174
284001,112204
2086799,1084074
2095718,108283
2063298,114782
2065818,952090
1915288,950572
1925315,109892
2065101,953331
1935685,106326
1921481,108450
1921485,113394
2063232,106719
2088965,103985
1938438,1090038
2086086,109530
1915298,108639
2104356,99346
2086092,107924
2056480,101954
2114613,87614
1939175,98486
2065174,1091741
2051691,103740
2065925,95660
2053089,98079
2111975,91968
366461,949313
2052335,103955
2056600,1884049
2071226,100027
2118253,114096
2105928,93215
1941003,948490
2090623,1892294
2074669,1089593
1923485,105319
1921435,102780
2066476,91682
1926141,98838
1926149,105065
1926135,105064
1929408,951959
1932307,1088645
2052194,1083240
1920662,100379
1932960,2044206
1947596,91319
2074652,1083207
2076978,2143976
1933108,949741
2074656,1089430
1925689,96155
1932709,114235
1927297,102138
2053742,98983
599631,100229
1930745,953915
2056277,97483
1931573,102293
2054723,952509
2051457,98062
1915452,102992
2077008,100990
283457,95452
1912336,1087621
1920190,103716
1939170,958103
1925722,95716
1924559,102894
2066041,92295
1930056,96940
2259637,108561
1915453,102942
1914606,100488
2066139,101561
1935743,948302
1918902,99495
2060113,98769
2057092,115529
1916492,100142
1923642,101438
1935970,1089409
1944983,950736
2068876,2129899
1941205,105681
2067867,101715
1919097,1091972
1942066,103711
2065024,99813
1915440,104309
1923275,951742
1927878,92183
2772763,949093
1915183,953011
1941316,101995
1941905,953798
1941058,107572
2076838,97508
1912326,99869
1924547,98055
1932551,953237
1914605,953645
2065870,97507
1924560,2030606
2087976,1883984
2054425,110708
1931851,96575
2053714,957305
2067117,101068
1916362,96737
2195426,114134
1938002,950300
2272886,95898
2057165,953398
1940763,113630
1937705,111648
363842,114473
1934309,2138391
2383228,951748
2071517,1090772
2773200,101765
2069375,104790
1916975,97303
1935645,112609
2070200,94334
1932066,110610
2071489,103290
2215955,950781
1948437,949229
1927029,1084290
1914706,113278
1913066,98695
600461,103175
1920990,107236
1913575,953213
2052862,104810
1946299,93020
1943641,108346
1921480,108450
2273089,110131
1946949,1723403
2087407,99490
1921482,106828
1924080,106922
1923412,99426
1921415,104130
1921306,103367
2052779,99447
1944992,101682
1932217,97185
1932222,101686
1921328,104600
283409,102729
2067405,96815
2068860,105691
2116602,113025
362077,105939
2071975,102501
2050984,104893
2053197,99379
1920943,103120
1940993,97925
1928824,953706
1929662,97061
2273260,97693
1928707,97027
1921347,104189
2071479,99549
1912331,103308
1931704,101797
1931786,102519
1931707,96184
1931770,105721
2071433,98042
1931366,96361
1927597,94078
1923687,105201
1931698,96746
1929634,95550
2273291,97566
1931696,95395
1929553,102699
1924102,97229
1931777,105899
599659,96808
1942252,98637
2079332,102697
2114898,2043559
2071264,1854355
1929183,105531
1945954,101955
1921880,88327
1931739,105817
1928992,953917
2052872,105462
2052878,97101
1933314,1089407
1919104,97966
1944509,103004
1928432,98038
1930494,101617
2054629,108328
2054633,1162331
2076666,103762
1948331,91847
2056019,101295
2051478,101901
2058948,115257
2273617,1091769
2057556,115599
284565,96968
2273647,106760
1927082,1894584
1920705,100911
2674667,1090203
1952093,1090221
1923191,115564
2054710,102625
2273807,99801
1946004,105685
2053110,101705
1915535,1867857
1945554,1717978
2273729,953649
2273780,1083153
1931284,1855953
1915444,958152
2065889,952079
1925939,1088174
2273927,1088099
1937589,106777
2079942,950960
283125,1092161
1928086,953149
1942434,111714
2079862,106146
2674677,1087796
2194265,2137908
362393,107556
283179,104899
371042,105574
1925580,101188
1939165,952230
1949701,951408
2089464,94205
2778970,105962
283126,1092161
1941721,92690
1919095,1089570
1926134,951770
1917119,95617
2065028,97181
284762,98468
1939181,95486
1915177,103008
1922051,88407
1942065,958516
2053153,952651
1931102,100878
1932625,103996
1934743,97408
2051955,952420
2071075,951752
2267920,115764
2779974,101855
2055921,105497
1925678,102905
1925669,103813
1933311,1859864
2052625,97005
2102870,97695
2274418,1089472
2196335,2159825
2054266,104313
1946980,95838
1946984,96310
1946981,96325
2270658,1090578
2196624,99688
1942455,952994
363660,114859
283081,95984
1929362,105898
363785,115781
2052939,104838
1927334,91753
2201873,1088185
1924266,104851
2086080,107539
1923277,1089610
1924467,95279
2268439,111396
379232,104584
1931032,99965
1931853,97755
1912325,102259
365215,107223
1926789,96574
365245,100237
1927555,100188
1923919,102741
284692,102317
1947430,100298
369060,104503
2051098,95097
1930321,93344
2774599,1092019
1914598,99312
2053757,97659
1918634,98704
1948311,102463
2051278,1089501
1942467,95677
2087747,102405
2115129,98095
368156,1884083
2056064,1875945
2052689,101413
285154,110241
1928455,115814
1929525,91751
1925667,103253
1915026,952081
1924528,103597
1921279,105315
2674692,1884048
1913540,96875
2121841,115240
2066288,104703
1921280,96067
1921301,953515
1915802,91291
2269234,113225
1933029,100334
2052693,91300
2085852,112604
1925530,94987
1945966,104425
1925715,104627
1929541,102672
1921788,948027
1932614,96790
1941412,1090930
1922041,1855954
1942471,105920
369110,1084702
1931332,103022
1944847,104202
1928157,1088924
1925561,954067
1921312,104934
2085489,114167
2267418,950495
370849,102464
2066680,95253
370666,950074
1939951,110471
379172,101290
1927068,91952
1942438,1163137
2674704,951713
2054619,1148191
2091490,1090262
1920723,97573
372344,951341
2067097,1725309
2258778,113412
2114609,102764
2051841,97916
2269743,2157089
2088716,97248
373932,952406
2065587,103812
2194318,2137893
1928167,94762
2194377,2146632
2194402,1087045
600301,93057
2194388,1086901
2062701,110548
1952288,101415
283191,102310
2087587,95178
1946828,93994
284302,101412
2078777,102044
284693,99326
1915363,105906
1942458,98022
2067029,955170
1945630,1083200
2089992,2008103
2267645,91504
1932385,1163163
1932287,114080
2202146,2026629
1946814,2028196
2674720,948295
2380649,2137852
2066099,1085864
2089746,103543
2089824,1091096
2062845,112265
2089703,103927
1916407,956219
1942053,958516
1912500,96626
2086265,115367
2087720,98954
1928216,1859873
1942441,110392
2088755,953943
2088742,102397
1935296,111420
2204078,949189
2774679,948971
2089551,952504
1927404,107538
1940508,950952
2204573,108939
2207562,106386
2270691,959571
1948096,957986
2077185,101307
1930063,954086
1943467,1086563
2086787,1085919
1930793,91787
1941718,91833
2380727,94989
2207955,110711
2123676,108669
2207965,948614
2208119,949718
366971,113861
2087949,96174
2120180,108456
1944307,94025
1947597,91322
2208399,112749
2114585,93080
2088530,960373
2068322,97687
2208582,110596
2089104,92153
2070764,954627
2208642,949776
2208744,949655
1912513,91808
2208355,113452
1941702,92608
1945598,87476
2208945,107527
2208938,111872
2209016,110698
2209089,106294
1942980,100170
2209227,951446
2209303,950444
1912512,92627
2209052,951386
2074655,1089439
1921552,96566
1928155,95381
1931759,102717
2208257,111930
2209619,107510
2060405,103713
1922071,89015
2089109,92218
1925361,103879
1941270,960259
1948789,93203
2088432,954483
2060013,101894
2055196,98679
1916828,115711
1941145,953624
2194721,949088
2050333,2028463
2087669,88219
2271202,107630
2066018,100933
1933035,1092148
2049076,950043
370494,104943
2753920,98465
283037,96861
1928986,102128
1923251,952398
2067739,102174
2089625,1090578
2089532,103669
1932553,103496
1930487,101892
1916006,953773
2208036,115558
2208138,111757
2212993,115300
2208139,110823
2208075,110831
2208736,110938
1948324,96291
2052537,101316
2216869,107163
1944318,95141
2216870,107656
1918527,1091018
1928075,953569
1921102,97271
2051870,96259
2789442,96540
2054118,105133
2216986,109385
1928472,93373
1944766,95049
1946771,95089
1929304,106044
2065191,95105
1944316,94770
2214555,950390
2078063,101304
2054834,94743
1925532,94965
1928172,94988
1928148,94171
2258282,1088940
1914775,93715
1914974,94503
365950,952494
1925533,94883
1942793,94540
1926489,95293
2087273,105736
914339,98854
2112503,88694
1946782,954122
1914789,93887
1918776,95168
1934529,94872
2132336,114432
1928182,94996
2051096,94023
2086795,1083495
1929837,99141
284576,96671
2056225,99733
1925964,1858046
1925527,954064
1927595,93708
1924343,93444
2054762,1859861
1939695,95230
1937755,1090836
2084021,1892294
2052734,93886
1946805,93767
2124561,950043
2072171,113130
2258399,954228
1937861,1088802
2215681,108405
2123714,109954
2052416,91399
1916698,1703511
2215898,111687
2209066,114728
2216066,113938
2273778,953262
1922826,114596
283182,97084
2217702,96655
2380996,114771
1918593,948856
584277,102716
1946976,99451
2075205,115294
283183,102451
283292,1882672
2195016,112225
2203269,113765
2194584,97649
2064922,114033
2203132,1089621
2110843,105082
2074598,958552
2063681,114129
599990,98472
2086907,111086
284224,101409
2054439,98519
1922789,949173
1939551,1864021
2091005,100251
2063300,112456
2058016,111193
1916651,1084058
1924109,104174
2674850,105480
2194415,2136662
2269445,953316
1931772,103839
1926798,1089606
284681,1090525
1928159,1088923
379081,105962
363489,100196
1926867,88147
1921556,96260
2069703,87984
1921430,101959
1917398,104623
1915874,91665
1924686,99486
2218359,97636
1920303,93993
1943465,93121
1923735,94728
2102359,108333
283031,101837
1914779,1865624
2195085,2682402
1930780,91759
1914783,1717971
2080979,1084160
1927038,92138
2065306,93779
283293,1882671
1922072,88600
1930119,955008
2194642,95030
2070275,94040
1916983,103814
371128,109727
1919515,949634
1934320,88626
1927046,954992
1920296,94434
1921841,88084
1929649,88869
2061799,108086
1944851,96770
2085366,114586
2082835,101845
2052672,952983
2380708,104285
2090991,101654
2084942,105354
370526,97619
2674783,105354
2091060,100317
2089001,94198
2774850,953700
1939867,96864
2053403,1086956
1938173,98004
1916967,102610
1943458,104187
1920808,104222
1917615,104723
1927897,1087239
1932573,103142
1932610,96704
2678841,954565
1926689,99688
1939804,103267
1932894,1883971
2051256,112954
1944330,102564
1915765,953646
2194484,2144553
1948325,1084643
1926195,104693
1914877,953053
1916186,104010
1926450,103297
1945935,97051
1927891,101476
2051239,1720964
285192,1087073
2067160,96898
2082340,94998
914329,97217
2059065,114870
2774965,115264
2774969,102326
1933514,102670
2267549,1884159
2088881,1090224
2775018,95941
2775043,95934
1931897,1867007
1918924,952431
1915182,103275
2683003,101222
2049833,950958
2775083,2136580
2775086,98478
1916866,109109
1947739,97624
2050540,1892291
2775116,1892653
1933188,954881
1935272,110994
2194811,2682354
2775169,100769
2775164,102496
1921295,104208
1935166,949056
2069481,1089527
2050600,112679
1935114,111416
1916846,108189
1935210,110697
1935110,1088571
1930797,111972
1935154,108348
1935127,1088570
1935241,109612
1942745,1088597
1916833,115721
2049581,1088648
1940042,109422
1931532,111340
1935277,111058
1921958,958646
283732,114955
1945933,108376
1932324,1163165
1938660,114672
1940687,950910
2194813,2685406
2201578,2685404
1922832,949132
2271287,2011621
365953,107345
1941260,951248
1940683,950910
2050696,950568
1935153,108348
1932301,1091267
1922804,1091270
1935118,108845
2215931,110446
2122713,108410
1935156,112794
1935312,108092
1916187,105922
1944886,99152
1925700,105042
1916209,2031052
1942762,949047
2194753,949049
2194765,110998
1942768,949087
1932305,1088556
2050457,949155
1920966,951110
2386564,96495
1930163,951418
1942782,107188
2386669,104367
1932408,951433
2386704,102604
2386819,95655
1938063,107511
2063272,109134
1919540,1864044
2070278,93586
1924103,97228
1912332,99837
1940662,91988
1925677,101607
2074507,110409
1940170,111128
2052283,95169
2050710,111380
2753967,100989
2050393,949869
2050662,1088545
2064493,114001
1928608,106141
2050604,112683
1926305,97662
1921104,100685
2084949,105179
1940038,109422
2074531,114348
2062971,114560
2063125,110049
1945971,103106
1931541,91697
1923741,95385
1947261,111713
1931909,954529
1916405,89033
2076391,950573
2195294,1090103
1927719,111350
1921842,1083994
2064107,113962
2051089,94856
1941698,92346
1939102,107312
1918706,106883
2272083,949128
283216,91897
1939125,114700
1935963,115537
370404,110819
2082740,104522
371392,107088
1938421,110502
1936527,1090103
1930532,91737
1922953,109467
1929327,93416
2124582,93635
1938989,948469
1940468,112530
1923336,106145
1925619,113997
1925637,111491
2051097,94063
2052362,91789
1930789,113252
1941007,107644
2063283,113276
1935690,113038
1916194,94359
283289,114003
1916570,114621
2258488,2025365
2057840,112788
1947300,112833
1939038,107786
1947298,107678
1916576,106255
1938960,107029
1939957,107749
1915313,1091295
2063369,114705
1935643,111671
1940702,1088544
2063609,1148193
1930434,954384
1914544,107834
1947813,106952
2063377,109133
2251808,2159275
2203216,112096
2385674,948434
1948185,114651
1920980,114567
1920979,951115
599935,114496
1916050,111343
1938196,104382
1919576,949185
2072784,950966
2063823,109877
2062887,950946
2066654,954559
1939123,113489
1948247,112723
1943056,114168
1921106,100480
2754312,952503
2051094,102010
1914386,93909
1930888,94742
2062801,108930
1921270,96043
1915328,949612
1937504,1091505
2073989,949613
2083682,102393
1937485,1091122
1942312,111332
2064128,111059
2083544,2144431
1932710,111022
370076,105382
1945956,96313
1945968,96932
1916043,111328
1934710,109724
1947258,115016
1929861,98187
1947804,106952
1932450,114483
1934756,949575
1942240,106510
1947118,114758
1947117,115463
2062865,948403
1922328,2018612
1920976,951101
2063365,115158
1945970,105759
2063420,1858052
2074132,2147682
2074133,2147683
2063731,114876
2062840,108946
2071950,104852
1915330,108652
2195160,2157034
2203160,950572
2203077,1875955
2262849,111625
2198988,111327
2195321,1094234
1940410,951937
1933732,88612
1914592,100451
2063589,949278
2054226,94777
2064300,951087
1927693,110656
2063517,1867012
1939103,107029
2063356,114509
1920960,110404
1919522,1476628
1919601,1089656
1938791,115535
2063280,115347
1922880,1704342
1915333,1090323
1932472,949785
2063353,114440
1946133,949929
1940481,108580
1940500,949299
1917489,113604
1939505,108186
1937505,1090253
2063374,108322
1947064,115348
1914353,113978
1914429,113081
2063352,112252
1946430,949246
1917129,112821
1922324,949415
2267394,950921
1919544,949639
1919590,951172
599838,115279
2062762,114469
1919562,1722507
2268982,2139833
1932474,114081
1940459,113074
2195021,112224
2231073,949138
2062665,950961
1927314,110194
2079848,108389
1919519,949021
2062881,110540
366815,1090103
1919528,949041
2081756,952557
1948814,107121
2058039,1864078
1912057,950914
2062883,110535
1939656,114034
1922899,1704340
1925634,109877
1940494,113458
1937211,1090103
1925856,111023
2063261,113937
2063715,949063
2063277,113933
1927379,112756
1932071,1162339
1919588,110781
1921955,88867
1915302,1091282
1947923,93820
2077845,94017
1939034,110911
2057575,111774
2062852,110607
1931292,93336
1947361,109279
1945999,106533
1919564,111625
1920982,114554
1915186,103028
1938439,949484
2064348,1091300
2062515,949362
2062637,110060
1912063,114797
1933050,114311
1946040,114107
1912027,107206
1938217,108162
1941750,112768
1946803,93476
1920301,94195
1932891,114547
1919967,114608
2056771,1884156
1919545,949329
1935646,1875929
1917484,110800
1948443,110123
1937703,110267
1914798,949792
2058093,114844
1938461,110063
2110146,94051
1935635,951041
2057758,950196
1914804,109889
1935053,97642
1919508,110820
1939667,110438
2076183,112110
1932965,115005
1938582,96561
1945962,96842
1913074,96645
1939663,108291
1925648,107947
2117928,948502
1946926,112574
1915019,114189
1938432,1090252
1938450,110500
1919529,1476630
2058032,948540
1937486,1704439
2076182,112572
2055105,115338
1929010,101799
1925562,94486
1924325,97419
1944834,1091065
2059194,107154
1942728,97718
2053756,97688
2080742,952872
1916645,95038
2082168,97671
1932497,110840
1945561,114127
2056302,92246
1948778,948129
1914835,112669
1928892,94919
2084834,113888
2082660,97627
2094759,950203
1944451,102358
1925523,954776
1927058,92259
2119288,98450
2057952,114112
1916706,1703512
1930893,1090217
2073016,114950
2195282,115218
2195284,1090103
1927063,954942
1944802,2031048
1920261,109890
1916371,948772
1932621,103487
1915027,96596
2058982,948758
1923971,2037287
2391791,98202
2051921,98103
2780132,97098
1915963,107941
1936520,949714
1935969,1089409
1932054,108732
1936526,1090103
2057944,106221
1948190,108459
1939556,112731
2057921,113542
2057965,115749
1938673,108022
1914733,957990
2070934,1090465
2195381,1719491
2058720,2133240
1947426,1849158
2127356,2008329
1948158,107942
1946130,949204
2051403,1882674
2387405,103786
2057922,109745
2056725,113005
1931875,108279
1947431,99891
1942344,109634
2057954,114902
2065417,103666
1939733,957989
2198612,951085
1919109,109119
2078308,114434
2058066,106458
2072446,957969
2086483,108263
2259767,100058
2272057,109996
1935630,1953519
2062557,107368
2057967,1084307
2057631,950351
2050276,1163162
1940728,112123
1935600,106997
1948099,112878
1938215,114812
1948138,110729
2080635,114783
1914993,113100
2058099,113260
1913757,114077
2062393,1090039
2057953,114040
2057938,1084325
1948240,115368
1948467,109477
2080325,108571
1932332,948566
2079722,108038
2058109,114652
1916372,113609
1915154,106225
1946124,949929
1939746,114365
1941357,950797
1942385,110075
1914820,107169
2057819,109568
1942379,110963
1915143,106205
1912380,109299
2072343,113650
1920260,109886
1934690,108809
1947823,111775
1948155,958011
1921216,110140
1948134,110728
2059248,950367
1948260,112700
1948250,1084304
1943058,113165
1939747,114885
2059002,951124
1948184,1089698
1930717,106055
1914752,109502
1948183,113032
1914762,1089700
1941011,108841
1941344,109666
1914720,957968
1945562,111519
1946783,95063
2382281,106834
1914723,957977
1919711,109858
1943054,113223
1916545,115017
1940316,114482
1943050,950601
1948745,1085942
2119675,92794
2072486,950934
2058010,948647
1932060,950193
1914788,94962
1947555,107836
1944339,111174
1948161,107945
2059213,110271
2082737,98303
1926152,105682
1946853,110109
1939735,108509
1933048,115303
1917094,103468
2057775,1883990
1941358,950797
1916588,111390
1947553,108738
1913786,1722519
2058926,110734
1932049,106357
1932077,109668
2058927,113977
2059224,949746
2084820,109159
2382407,98036
1923017,108588
1916856,109106
2051010,97025
2057788,106408
1926168,106959
1941294,108362
2123721,114246
2056682,107127
2754436,108787
599768,105152
2050990,96044
1919232,953884
1940758,113630
2200474,2685411
2070351,2128539
1913664,115645
1935307,948394
1938219,109180
2080444,950747
2057427,1090199
1948414,108956
2059156,111651
1935484,107953
1948416,108964
2065448,113409
1923027,948823
1932068,106361
1948465,109476
2054702,2045641
1947551,108737
1937577,113782
1926176,108735
2072492,113580
1927957,1884125
1948743,1085942
1941319,102331
1948469,109478
1916854,2685455
1947401,948418
2050932,1088570
1942985,96205
1938687,114685
1914824,113224
1946105,115490
1928129,115314
1935560,110208
1934733,112704
1947113,108075
2273266,93548
1945818,107536
2058123,113240
1947094,109448
1912212,107443
1914424,950733
1914558,107262
1944333,110996
1916765,114276
2086890,102298
1914549,114412
1946854,1090205
2127355,2008328
1912580,112617
2123715,106464
2057671,950050
1934689,108807
1915141,106521
2680701,1872704
2056869,113060
1938676,109639
1913731,109381
1944335,110993
2057720,110127
2260013,948254
1948677,114446
1932082,111545
2057429,112663
2056721,108360
1914627,109342
1924053,115178
1915157,113631
2057762,107023
1938218,108743
1924056,948664
1946614,110589
1914541,950520
1946613,1170895
1914983,950577
1941229,106070
2050552,108843
1942241,106402
1927628,949618
2195270,1091350
2063737,950160
1932093,108917
2085700,1090322
2063676,949104
1932501,112151
1944340,110993
2085573,112003
1919286,1090256
1948088,950833
1927699,112034
1932476,114612
1947559,108736
1916782,106273
2086139,951244
1935727,115272
1948453,109474
1923328,111395
2057670,1090196
2058104,106450
2091419,112648
1927391,1875309
1915140,112875
1940171,950523
1944439,109836
1948585,115456
2748480,2139109
2259395,111734
1935596,113300
2083727,111526
2057630,112614
1946848,108704
2084788,1852816
2090622,108965
2102786,1084576
1935483,107954
2748002,109280
2749559,1088568
2674269,110450
2081350,954037
2271920,106863
1945682,115134
1932694,950624
2061306,107180
2072906,106071
1945654,950117
2084567,111222
1932781,113936
1945655,951092
1945656,950087
2082893,948503
2051407,951254
1945711,113389
1926163,950847
2086256,113974
2086242,112475
2085942,112246
2062917,112532
1947362,109279
1932671,950489
1945704,112836
2749077,109296
1937613,110897
1917011,106742
1932777,108268
2061321,951255
2391887,950672
2085947,109597
2085400,949907
2063538,108891
2086127,108074
1947268,107337
2074183,106288
2050913,113442
1944304,104396
1940108,98668
2054438,103495
2052945,99012
2780303,102058
2748502,111523
2054891,106183
2787299,1088548
1925651,110604
2268510,111427
1921000,111653
2673464,100387
2089030,97015
1940419,100916
1947414,106252
2082009,98082
2083704,104118
599803,1083244
1948454,109482
284019,952435
284193,91406
363521,100584
584478,104513
2081849,1084079
2056100,104367
1930066,952214
1944389,102216
2203963,955062
599896,102670
1931735,103554
2749934,100667
2065126,103159
1916988,953596
1929810,97785
2780322,96274
367540,101558
1916851,1892291
1935238,109612
1942749,1088597
1929222,95575
2081572,96213
1932325,1088534
2777871,106186
2777868,106186
599865,112794
2194749,2685670
2194756,2685671
1945963,96267
1945965,97474
2077028,1091531
2069052,97585
1928996,98196
1929771,96883
2053198,104530
1930827,95475
1928760,104151
2067479,93502
2777891,109764
1929531,96026
1929648,103214
1944910,98305
2083348,92528
2061318,951262
1931718,1087794
2083709,101425
1941633,952678
284471,95512
2051474,104426
1921333,104989
1921343,104371
1931445,98042
2083299,98306
2069682,102782
284710,105382
1921305,103292
1912036,96364
1925001,101558
1921421,101830
1925748,104702
283283,1087569
2051042,1087625
2056222,100329
1926770,96552
2131051,105482
1921314,104885
1921317,104852
1940992,97946
1921351,100153
1931728,105899
1929742,98737
2052503,95907
1939276,103356
2051253,104265
2054644,101696
383323,105974
283265,952680
1921434,101852
1921265,101524
2054718,102466
2067410,96209
284622,101764
1931975,102891
1931702,101153
379277,100321
2056048,98847
2077015,101313
2082222,97686
1924275,952686
1928487,96959
2089592,100087
2199346,2137838
284235,104246
2083208,98472
2083199,97319
2051766,104294
2082174,952525
2077312,1163194
1932292,1088645
2065970,96055
284612,97689
284619,98664
2083177,96011
2082872,104103
2083170,953185
2052511,103922
356394,103435
284845,104325
2054704,104908
1918893,102181
1928642,1090505
379465,98259
2383107,951283
1945573,105650
2052542,952978
2078009,2046419
1931081,951802
1918633,98706
2068905,100524
2780392,103940
1915630,952885
2054734,96848
356412,103657
283036,96257
1945953,101522
283093,1090131
2777979,99755
2385725,1083251
283136,112646
1923488,103455
2082856,92069
283365,101797
1927298,101637
283421,93998
957470,1083136
1937846,93381
1914495,108046
1929451,92776
304535,99459
1940484,948611
1916467,1091946
1948292,1089701
1914585,1089981
302105,94715
1928560,93309
2082811,94698
2080907,103500
2082729,95090
2089618,1090580
2062551,1719997
2081985,94938
2081874,103888
2194566,953234
2081167,97438
2055778,97445
283940,96738
2094063,93032
2082878,103674
2061303,108294
361908,1088193
284359,99459
1912835,103510
1922291,99122
1928979,102352
2068707,92465
1930741,1090242
284595,96827
2082130,103527
284724,952532
2082142,954782
379313,105976
2082634,98047
2123150,958612
2055308,113567
285005,954537
2068237,1148185
2080900,92470
2200019,107043
285191,1087793
1925695,102595
1924384,105604
2051031,1087571
283299,92940
1915221,952292
1925690,96397
1925714,102835
1944305,94147
2082847,91983
2081406,99668
2080697,88188
1930186,1855956
356444,97995
1918879,102566
600010,99541
2081382,101992
1923284,952587
2086891,1084657
2383296,1884061
2383768,2144459
2065023,104028
1932580,2028178
1913355,1725343
2067291,953363
1912943,105121
1944850,95807
2270150,1090062
2123719,1091009
1938136,95683
2081490,97739
375480,98032
2258243,104469
2787434,103511
1913373,105464
2082628,93278
2109656,115500
1946964,98046
1921329,104578
361433,103085
1947441,106214
1944861,95807
1944962,96577
363549,102165
1929228,95516
599647,93198
1930073,96151
1930540,91768
356384,91728
2058988,950334
1919498,114281
1923562,102628
1941280,114459
1931189,100423
2778170,114018
1928495,105014
1927700,949631
2778180,111500
1935527,105343
356452,102848
2062385,1090041
1929794,103281
284450,103899
1925602,103422
1938131,97990
2067793,953325
2082508,101584
2058107,113972
1915381,103323
1944957,98305
2773231,96954
1919296,104569
370070,105852
1925111,951867
284712,103370
1941672,92550
284773,100924
2068943,101468
1919314,1090622
1919294,97065
1923641,96895
284878,103181
2778243,102834
2778244,101009
2082500,103315
1926201,1090006
1927441,96366
2056210,98111
284807,102318
1920941,101877
2059188,112695
1940347,100695
2053541,100765
2082852,954936
2052320,103918
284767,97237
2386959,1720970
2055759,1089599
1928770,103578
1928649,105679
370195,100073
368951,98572
1931614,100094
1931440,101701
2059183,949965
599841,94748
2778269,98026
1923030,950767
600105,99588
2069693,100725
1929181,105543
1930675,102037
2387500,954793
2778294,953878
1948676,948629
1914834,111345
1913759,115602
283144,96489
1931193,95668
283909,2019974
1912942,2038576
379252,102594
600025,93998
284700,94803
1945936,97044
284895,97259
379325,952982
1944919,96578
283180,97520
283807,93133
284472,105999
284666,1084365
1915168,114177
284102,951663
1948409,110006
284884,106162
2674727,114198
2757821,106062
285076,1084715
2084931,103483
1933697,105853
2057781,106399
2091043,98563
1941094,112592
2084755,109022
1932081,113574
1919110,1162318
2201126,1172347
1913855,107977
1914553,113940
2087281,102588
2059164,110127
1935561,948197
2084137,109633
1948196,957984
1947810,110662
1938076,109845
1932052,113773
1938072,107160
1931493,950529
2072782,108179
1931495,950526
1930812,950527
363506,106227
2076423,114348
2057459,1884120
1932063,109901
2049109,950043
284606,114142
2057760,108971
2057666,1090196
1946641,950482
367007,1091118
1935170,1088568
374947,108818
1935185,106280
1935167,110925
1940164,111129
1941418,102721
2132083,111090
1927132,1084272
1941303,952925
2267406,113955
599745,112202
2086214,949605
2072989,114342
369594,113868
284968,109261
1934440,1090024
285138,112204
2203578,114144
1923338,113117
1941226,108343
2080062,112426
284545,112139
284563,114690
370218,107353
1924064,114702
284995,108021
2069845,92816
2787544,113442
283208,114938
363705,951056
1929303,109078
1948712,115022
366543,108830
2203553,1088619
363547,108869
1948294,113163
1915000,114417
2132483,2026631
2132538,111571
2383813,100179
2383815,105595
2383822,101338
2384092,105128
2383306,1091323
2199700,950987
2384743,1092065
2384760,105363
2133086,104287
2068200,954770
2078591,95883
2197875,101001
2060220,97223
1920791,952202
1932575,101605
2382554,98001
283015,93268
2385056,1723402
1937864,1088817
2111417,104002
1933709,104924
2092994,96204
1942459,104945
1916392,956127
2132873,107905
2753782,98667
1948171,958011
1941322,952875
1935515,112919
1922808,106151
2750580,2685502
1940167,111131
1922809,106142
1935017,948082
1932445,115247
2060418,1083251
2063343,107013
2787700,108633
1915316,1091283
1920963,108581
2070703,954720
2260094,108226
1915283,108638
373413,113479
1938939,107841
2063301,107837
2195207,950186
2787717,112515
1945687,115177
1945698,114061
1942299,114599
1939124,112253
2078041,952228
1938460,110499
2072342,108507
284585,952489
1921318,95771
2778589,95458
361621,98050
1923479,103427
2054936,102678
2054202,103668
284525,107343
376336,953488
1946429,949206
584557,950911
2778623,1852811
1940104,102275
284966,103539
1923571,113678
284049,93468
2194748,2685668
2082821,93702
2194816,2682352
2194818,2682351
2050568,113144
2118697,95077
2050656,107393
2087078,1086580
1933710,98577
1933649,101226
1929067,103021
1918517,1725338
1932687,113867
1928914,95616
1913421,104868
1935429,114864
2050471,113282
1938264,110719
1923871,104098
1931186,95436
1931731,97470
2050430,115735
1935137,109226
1921409,102684
1937920,113751
1930014,98195
2052920,96274
1932370,114091
2071538,1090770
2052667,101418
1921436,96684
2067275,98395
2747587,106570
1929334,95567
2052843,104690
2257889,105477
1946930,102412
2068646,1145525
1929552,96058
2202839,104859
2202851,104610
365813,98792
284635,105054
1944993,101709
957667,92102
2194068,1087043
600433,97577
2788302,1090173
363495,104173
1927095,103445
284594,96802
283007,105446
2243841,114360
285167,103061
1917113,958110
2052652,101408
1942020,105171
379198,101449
1941639,98318
2054705,98477
2052678,952984
2788313,952651
2272898,96241
364711,1866123
1933711,953451
2246544,950443
2117433,94925
2074879,101220
2204672,114181
2091027,100267
2233837,112655
1920905,107431
2221150,949588
2221374,949975
2271916,108829
2200256,2009189
2753624,1086572
2755954,1083740
2755035,1725667
2756132,1715339
2755997,1091850
2756062,955686
1933708,105221
2267558,106052
2273811,101302
1929427,98746
1923282,1091952
2065945,1884062
1941494,112851
2060082,104257
2051416,103071
1927304,98165
2259398,110858
1945560,114590
2225610,107381
2237366,107456
2074668,95642
1932238,101234
2221888,108078
2124699,100958
2065377,1087720
1948137,113161
2194085,952256
1937573,113217
2060112,98769
2224641,952348
2130930,1875306
2392740,96836
2227056,110651
2227057,107953
1918425,953507
2756573,105991
2392713,102889
2756600,98478
1946013,95084
2756626,100353
2132107,1884101
1928105,94972
1925972,1858045
2758892,2139103
1937838,94725
2065267,1089211
2202226,94980
2208554,112379
2194442,101242
2070152,1865633
1945421,954200
2203520,952176
2207943,1091366
1932776,108270
2760223,2136675
2060335,96607
1927609,92109
1933438,1083346
2069525,2030594
1930574,102919
1941288,97770
2077139,92848
2196694,2136673
1938108,1090991
2203710,950104
1927042,92943
2194217,101249
356468,97774
1920206,1084645
2258606,1084725
1914786,1085918
2227527,113238
1944743,92390
2102787,1883958
284634,102621
1944452,101748
1920306,94623
1920299,94210
2053741,101913
2052664,91396
2065270,94325
1917576,954471
2077363,99256
1929403,96946
365342,96297
1942689,93736
1939244,98068
2229773,948288
2069913,98431
2068320,98092
1925730,104721
1921284,105234
1944933,99597
1921396,1091488
2215875,1162384
1930915,105696
2230814,112717
2230844,114932
2230891,107514
1924094,98061
2233990,107034
2201957,952812
2053104,103755
1925548,94212
2054943,2157042
1925681,96045
2236760,2012913
2203714,108011
1927570,94917
2194214,102041
2053746,1087719
1923689,104442
2065229,95121
1919325,105558
1938135,97996
2068757,953320
1939237,95523
1923276,104131
1924086,103424
2110279,98097
2093914,98034
2236393,106904
1938186,100147
2204781,112694
2208605,107702
1915807,91297
1928149,94991
2756655,91623
1937847,93355
1944882,98340
1923833,1090275
2069255,2045631
1925664,98280
2203492,102908
1917357,2138614
2750067,954966
2203509,951721
2753774,92172
1938133,97988
1928181,93799
2194154,104905
1926189,95899
1926209,103169
2216864,1090043
2194148,104905
1924111,98942
1924248,93298
2208102,1091750
2236821,112946
1929625,102738
2236726,110597
2237065,113576
2237038,949826
2258843,88248
2052113,98430
2237302,1091558
1915804,91282
2055033,103592
2054899,102245
1944511,102994
2274270,2684799
1947435,104552
1938142,104410
1946807,94236
1926815,88008
2242304,109994
2242634,951916
1915276,97424
2227617,106684
1929521,96127
1928822,98197
1921945,89183
2758934,105284
1930314,93354
1922040,1855954
2194210,1087288
2194295,1087017
1921296,103005
1925717,103820
2054214,91882
1931697,96723
2067754,1084059
2246474,950443
2052336,103658
2246500,1085226
2246532,106620
2246548,1085226
2077019,98233
2077018,98232
2112473,954164
365916,100514
284401,952349
1928418,95247
1917368,1083197
356461,105508
1942727,97717
2121086,104432
1945728,113787
2065194,95101
1914433,106223
2065868,99325
2063426,115120
2078196,104510
2052007,103826
1915442,958105
1930639,95775
1924387,1888794
1914823,114305
1947590,113462
1920958,110403
1914799,106746
1946222,108869
1940499,950582
1914331,113524
2769570,115120
2063448,114873
2202709,2683744
1925640,107947
1947174,114501
2230427,115717
2064237,113765
1915311,1090325
1948285,110729
2074272,108868
1938739,1092047
1922885,950655
1947008,113746
1925860,111025
1939654,113914
1919585,1864046
2251815,950497
1940461,949990
1940449,114349
1938240,113497
2062875,110542
1941039,108214
1940945,112926
1948680,114446
1945825,107233
1948718,108800
2392957,102316
2392961,98231
2392968,105514
2057793,111521
1916759,114276
1914807,114145
1934433,115670
1934687,110867
1923339,112647
1935684,948598
1937282,106071
2382042,2144460
1915972,114260
2058947,951128
1923331,109256
1914992,113100
1917127,109293
2058993,948766
1912317,949670
1947443,101998
2127408,1092120
1915152,112582
2072097,2021660
1915169,114177
1912213,108030
2053777,99906
1920902,1870843
1947332,950586
1932845,950557
1932730,108297
2055688,2025650
2055668,2025651
1945708,108292
1932711,111477
1945657,115143
1939702,950290
1945672,951100
2061749,108085
2255597,110121
2208277,107253
2132768,1091387
2757260,101982
2233978,112655
2087695,953961
2208584,1090045
2208296,114203
2209350,1091563
2081479,2038575
2207967,109798
2209031,114565
2208749,109854
2087341,952871
2209043,114212
2253664,114333
2207980,106839
2236839,951299
2236395,110246
2236753,948330
2236828,115474
2236815,107918
2236820,2157060
2208335,2685159
2253163,115346
2204852,114460
2204856,111224
2208563,107952
2207994,111429
2209491,948330
2207979,108802
2253683,107247
2204766,958012
2082186,104259
2087757,103330
2081504,1090515
2243343,114385
2757087,97738
2757091,1720965
2754403,2685410
2754422,949150
2204460,951224
2204486,2012910
2204535,107670
2204692,114732
2204843,950462
2244390,106620
2756884,952397
2757631,102817
2757655,103682
2757820,114037
2208133,112341
2271293,948557
2067257,100848
2194746,2685669
2084821,109441
2380578,2685521
2773335,2014020
2773328,100769
2067297,104078
2393384,103897
2054658,103217
2067293,95704
2679241,109937
2220416,110122
2392535,101945
2200575,953785
2673270,1083173
2115027,113968
2056390,958106
1915307,1090328
2202782,953713
2273806,953892
2078182,2029580
2072002,2029579
2051283,105513
2252583,114246
2088494,101624
2086089,950495
2062430,110502
2205524,113806
2270590,99051
2208066,110592
2208058,115256
2208067,1094236
2208082,107698
2208186,112511
2207952,108519
2208623,951608
2683056,958088
2208236,950365
2208418,113427
2208495,110654
2208561,110655
2208576,951312
2082901,104128
2208701,114273
2196719,1083148
2209069,113051
2208543,110878
2271073,114154
2271163,950812
2216064,112777
2208042,112855
2204497,112390
2065239,94420
2208485,112401
2211335,115413
2213000,115300
2775129,1089016
2194292,2136679
2748221,99459
2066053,87892
2218883,107669
2386661,951709
2386671,953596
1924512,102612
1924213,103433
2054709,96266
1920934,96716
2068280,101909
1917652,103368
1931791,102058
2753975,100872
1914591,100467
2127499,105799
2774802,1703649
2067435,952799
2772172,103438
2067198,96852
2259018,1085057
2066995,1083174
2200888,1089581
368895,102498
2067724,102518
2754451,106073
2753910,954184
2748061,106472
2754563,107037
2269508,1091489
2066172,104965
2067522,101926
2780379,97515
2780380,103728
2111971,93802
2068624,94994
2070282,954436
2132855,107305
2787496,108708
2259019,1085057
2194431,1084722
2258552,1084562
2203500,953087
2778513,108224
2778514,113667
2273979,1145534
2387149,100389
2386985,952651
2201986,956512
1919563,112249
1919543,2034269
2262812,949553
2202774,104323
2065914,2029581
1942192,106924
2062638,107014
2067993,96668
2230930,951375
2385962,108284
2220865,106476
2233868,107034
2383960,948748
2253678,113931
2221062,107727
2199222,99740
2230894,107615
2256657,111511
2236161,951920
2200456,115466
2391770,952805
2200944,105568
2095864,113479
2194061,103046
2068701,92078
2755021,101696
2755022,952651
2755952,959383
2756009,958313
2756013,101904
2209226,950346
2204431,1704343
2208929,115574
2070247,94967
2230823,951288
2218874,106313
2204677,950997
2258712,97729
1912627,109514
2271652,113649
2083804,108025
2085267,950181
2255618,114385
2235442,99158
2216069,115503
2230879,109167
2204501,949731
1920089,106869
2065944,101039
2253509,950369
2202781,95697
2204500,950273
2209001,113532
2071122,951862
2071004,102809
2236762,107247
2209497,948323
2127395,110010
2208935,114132
2209343,107028
2132941,2031064
2090314,1090634
2071444,1083403
2708233,103572
2208410,106752
2111278,99776
2132307,1884103
2065791,953525
2207542,950123
1914893,96062
1942457,98049
2067791,96116
2252520,109950
2207966,106908
2205615,114489
2216862,107954
2252593,112953
2131835,110394
2242721,113195
2208578,951350
2242342,109980
2093918,104454
2253688,109144
2708251,98475
2209597,2146644
2274357,1726458
2122190,952128
2052669,953003
2118597,104622
1919693,951800
2772212,97696
2092804,953859
2131409,1087555
2103205,1875948
2132665,1091346
2118641,101842
2114824,1084312
2094495,958498
2132016,93918
1917455,92934
2131718,95280
2107268,953368
1942463,105123
2708272,1088955
2132415,1090965
2093030,98186
2749421,955530
2749947,103637
2051751,1895476
2201766,1083525
362531,115374
2051623,96324
1918226,1086294
1918229,105313
1929654,2029573
1930742,1090484
2055735,96661
2066281,953700
1917218,103897
2774824,103842
1932414,957309
1916382,103987
2065951,2025345
1919069,101443
1919066,100087
2055595,96977
1942461,95697
2077925,2021672
1946601,1725323
2198099,2682326
1942440,110784
2198096,2682323
2268096,2683828
2198106,111246
2261413,2682556
1931520,101487
1930242,103772
2054470,953163
2387361,97931
1919638,91922
1912498,103910
1918224,1086273
2051382,96159
284495,99208
1912490,102799
2258147,92446
284517,102860
1912496,102753
2054640,948995
2051393,103938
1920338,102191
1941306,952932
1939550,1864038
1912499,96396
1925280,104541
1915654,102055
2070566,1088476
284949,110787
1929609,103239
1942418,111246
1939232,98068
2103136,1088476
600406,952446
1917701,92705
2051559,97929
2051293,100608
1915025,96493
1912503,99443
1910868,103804
1935540,105553
2131010,1163191
2049643,950570
2088792,93293
365901,1091843
1916644,95347
1929755,91797
1938171,95737
1928330,110630
2195900,98782
2079295,99170
2203938,1722509
1939797,100692
2386466,104685
1939863,104314
2708573,113470
1941977,105170
1921356,104095
1931941,108183
1939916,949428
1940094,102237
1917470,96779
1912832,1090384
2089396,97740
1939846,2034263
1921257,102385
1913582,952674
1921359,101079
1921320,98448
1928678,95834
1929694,95709
1930874,1170881
1929940,101590
1921344,101385
1921339,104064
1932538,2159258
2069649,105033
2078142,98795
1944876,953272
2113202,99141
2056518,102353
1929256,105505
2052896,96087
2052855,96822
2052849,103144
1928973,98036
1925331,99002
1945959,95565
1920735,103375
2071495,101888
2052941,96335
284553,100816
1930813,95581
1921345,101646
2068957,105308
2069643,953489
1921255,98928
1921277,98922
2755012,92107
2056047,99986
1931995,104607
2056073,955024
1921428,104121
1921322,105750
2069304,101855
2053088,96736
1929952,95544
1915178,100431
2054726,104545
2196806,951843
361584,1089607
1942058,103689
1933325,957077
1942055,1091801
2118436,1165477
1927433,103061
2387041,98475
2753735,100880
1923923,953112
2753737,100880
1915180,100433
2077021,103174
2110383,94031
1923921,953173
1939193,958104
2066132,952834
1941202,105660
2056023,99877
1931985,99998
1942001,96192
1915385,102727
1931984,99999
1933457,103474
1915629,952880
1923920,953134
1923922,953132
1941201,103333
2056021,953171
2056058,99038
1921276,1087583
2273808,97753
1921321,104058
1943132,98645
1919843,97609
1931981,99633
2071081,951772
2387191,1089574
1923036,97040
1928573,100161
1929805,2042039
2070823,958500
1924658,1090467
2103255,1091076
1945975,101840
2074945,97076
1929804,2042039
2052502,103816
2387109,97076
1914590,953665
379302,100375
2052533,104210
1914589,100470
1915454,102349
2052691,952987
2111167,102639
2052627,97758
2055991,98478
1912579,1722498
1914597,100463
2071132,98475
1943110,99255
1949963,103261
1941696,92607
2070261,1703514
957698,92099
2067118,101064
2196723,2017812
2102801,101067
1924192,104633
283546,95489
2056323,952383
1941631,98319
369882,1083417
2194164,103860
1921358,103442
2200707,96179
2195118,1953533
2387307,102870
2387356,952000
2069538,98600
2115193,94554
1918440,1091781
2070509,2159349
1913649,111002
2708266,104330
2203769,952530
2077815,1884031
2131640,93904
1915766,102250
1937904,104794
1948496,105197
2203767,952322
2203719,958963
1919193,1084661
1941644,98352
1914644,100746
1948618,104315
2053505,953494
1925387,1086976
2220076,952970
2258616,1084354
1927265,99727
283029,101517
1933357,954155
1935516,107197
1946160,93165
1946166,93157
2107147,98096
1946162,93171
2094161,96355
1912934,106362
1923905,91898
1923890,91752
2387726,103076
1938138,98002
363548,99107
1919117,92916
1919118,93153
1929813,91706
599663,92664
1938168,97992
1924535,96588
1923891,91874
2050914,114401
2069824,97000
1925698,96504
1925728,101812
1925675,96732
2056580,1884048
2071864,1091079
1923902,93281
1924090,98986
1951974,91832
1944931,99669
1944929,99584
1924532,102715
2066293,98092
1935485,93100
1924093,103284
1932585,105435
2069920,952652
1921355,1725340
2273298,951927
1924533,1884067
1924536,952186
2258507,101246
2066302,105147
2052051,952652
1938787,951307
1938788,951198
1944939,96937
2054443,95548
1941963,97268
2054934,102475
1923992,91822
1941178,104538
2070408,96393
1930715,1089444
2077382,2157097
2674861,92262
1913071,98703
1923885,91827
1924217,92595
1941949,100198
1922282,102531
1937754,1090836
2203489,958962
1925559,94673
1917464,105730
2077375,101574
1913057,1852809
1941179,102708
1941160,101740
1943205,99075
1932974,100401
2052004,98034
2077381,954635
1925342,93987
1922281,102332
1938189,95730
1938191,103280
1931860,103129
1921342,104611
2068603,103977
2089072,102070
1918883,101181
1918904,102220
2201937,1089315
2065637,98956
2052622,103911
2054613,97110
374218,98469
2054715,98097
1917241,953223
1924372,103153
2052853,98716
1927293,105277
1923249,953947
599616,102434
1921308,951940
1921267,101916
1921323,102413
363539,952718
1945967,96250
1929317,952234
1941486,102774
1927119,1090385
1927099,99336
1928994,96036
1921349,103946
1916189,105654
1920738,97156
1929741,953894
2082595,98304
2050996,99511
2065600,102364
2069380,104638
2065463,102360
2052869,99473
2056519,99476
2077311,101293
1916188,101357
284559,96931
1915461,952649
2067961,98873
1924107,104532
2066279,104986
2065588,1952590
2050995,1090929
1933459,103785
1929596,98206
2066469,100732
1939191,100072
1927292,98166
1915463,98481
2114776,101194
2121879,111431
1921484,114225
2201014,110144
2201101,2685549
1935120,113865
1912824,1090633
1912447,1726439
1932475,114490
2092051,951116
1925607,98240
2087730,1090876
1946979,952059
1914600,952636
2103247,953288
1935539,951918
2063270,112533
2052122,952653
2196678,1086918
2194392,2137873
2051885,951909
2195520,111526
2118424,114499
2056675,1719510
2199236,2137855
2052137,1884047
1926153,101987
1926142,100139
1915188,103111
2089433,105675
361434,953212
2071697,953202
284006,97088
2081875,1084114
2081933,1084114
2083723,2048709
2084791,950413
2082665,99461
2068972,1091809
2054646,102203
2086909,951841
2090035,103689
2083560,103745
2089209,95895
1930576,102945
1917702,92196
2068827,103808
2090321,1090630
1921623,1882673
283181,105850
2052696,102078
1930057,105294
1915457,98491
1942048,958088
1945969,105726
2063313,109131
2117596,1089409
2062643,1091286
2064085,110044
2195221,112226
1914329,949103
1939037,107786
2104572,1888795
1917400,103784
2054493,99938
1913229,99008
1944932,99586
2386719,105983
1921303,97184
1932607,101604
2052099,952654
2086725,2021655
2200705,94604
1937854,2125185
1915190,103240
1924662,953718
599632,96600
2068837,104781
1928676,95774
364169,100188
1924663,101183
2054598,96897
1928901,1090221
2102922,104475
1941291,97781
1921297,103341
2053806,95612
2052132,102800
2069338,101881
2194069,952367
1928176,94283
2273354,97934
2065662,98350
1930643,99458
1926076,94348
2056018,100731
2077257,92355
1921299,105067
2273809,97751
1930290,100637
1940234,92414
1922872,105349
2065663,99269
1930630,106017
2056059,102099
1930441,93458
2056097,105810
2054246,96159
2070239,94497
1923369,111594
1932550,2159260
1931209,93452
1925685,104632
1930865,93345
1940067,1722465
1927543,95059
2077195,954656
1913070,100427
1924531,103829
1946821,95246
1948329,91872
2054260,2045630
2196873,93576
1920298,953972
1946811,93765
2066266,98459
1915179,103119
1921275,97900
1914643,953476
2066471,96388
2054223,94013
1913068,98693
1944887,96770
1930940,105619
2054746,97771
2067400,97151
2068962,97331
1937752,94249
1915438,104200
1931125,99771
1942412,103187
1946165,954910
1925340,94282
1930805,105845
284536,105944
2052808,93398
2260872,958468
1941917,104374
1917116,105958
2203637,100346
2203723,100103
1925346,105498
1928446,95533
1922003,1087827
1921287,103830
1943135,98644
2131832,952211
1932566,103396
1942059,952962
1915430,1090108
1928221,1859876
2068990,92533
1929325,951858
1931568,100190
2260529,952320
1948797,92904
1929194,97353
1930258,91798
1919078,94167
2054228,93553
1940215,95174
2054134,1163178
1937576,114402
1925676,103696
1919077,93665
1947422,99363
1941705,92625
1923112,95748
2056056,960061
1929450,92776
1947412,109821
1923534,92781
2068264,106000
2051811,2137325
2068259,101974
1924341,101353
2054250,1083380
1927566,93495
1917613,104553
2053683,1852806
2258690,96625
2069207,98754
1942697,95271
1915799,958666
2052699,91330
1937840,94489
1925551,94921
2068565,93750
1929212,1100246
2258857,2141284
2068678,954533
2076827,2683842
2068329,95007
1945759,97789
2194511,1725314
2196642,94112
2052688,91372
1924314,954525
2264234,91346
2052401,91435
1930439,95118
1937842,94747
2077129,95339
1937756,94079
1922162,91577
2052390,1083162
1916190,101692
1923472,105345
2067747,104530
2114611,91885
2074894,92434
1927031,93173
1921390,103274
1939239,953700
2069934,97285
1915024,100184
2272627,1083713
2266570,1083730
2092712,955629
2272695,958699
2272822,1083862
2113931,100669
2092730,955627
2260794,90042
2756036,1091890
1929546,95612
1941964,97268
2065987,1163501
1938134,953344
2068316,98256
1921395,1091488
1931872,109302
2243280,114385
2061302,106590
2073159,100456
599767,102277
2266567,1090933
1946554,1090852
361786,952599
2267066,100388
2092733,955628
375113,1703389
2052507,100282
1931974,103655
2071206,951886
2066470,101454
2083091,100415
2071116,1892659
600044,953856
1925087,100326
370444,95602
1946950,1723403
1928641,98221
1913072,98690
1923926,953093
1941753,952946
1916676,99065
2076767,1089574
1931970,952255
1942015,951811
1923478,1092033
2052523,958167
2052497,958168
1951924,951773
2052683,952226
1937781,1090058
1917301,949910
2105343,96164
2057717,113529
2057956,110737
2064783,108190
2671045,106052
1914673,96342
2077796,953530
2076910,1087376
366804,102380
2671135,951433
364578,113154
373473,108238
375902,1883980
367336,104536
374112,107295
374854,953030
364777,103085
373621,953264
2106155,113491
373719,94877
372923,105411
1911090,102056
372077,952784
368654,104165
2106393,949300
1945686,106546
1945705,951076
373759,98757
1911220,114252
2064305,112164
363020,112442
2110178,954521
378959,107529
2110317,952652
2110356,95758
2110434,948776
1914604,953640
1914666,109484
1914890,953518
1914957,92850
1917332,112225
2111190,92717
2111261,1884008
1918844,105426
1919636,954653
2080476,1091229
2080637,112746
1921405,104318
2086819,94269
2111970,1084115
1935440,1868789
2056051,97241
2671205,952953
2112023,1726430
1923281,951669
1923342,114374
1923532,91884
2112223,107629
1925271,105244
1926073,954324
1926300,97631
1926374,110799
2112718,105226
2112721,101851
1926783,103955
1926781,1863083
1927192,1726436
1927199,1726441
1927371,109447
2119377,93162
2113558,103304
1928156,1088922
2079289,100458
2119432,101438
2114998,111659
2115252,100651
1931706,93151
1931848,96586
2115516,111005
1932380,1088641
1933737,1083135
2116040,953002
2116317,951757
1934511,1162319
2116575,115283
2117112,1170904
2116376,954001
2117279,92688
2117437,1089312
2117445,103806
1938672,108022
1939087,114883
1927196,1726441
1941746,110209
1941848,1895464
2118800,101994
1942067,100054
1942437,111715
1944868,1884071
1943476,92076
2119575,97039
1945733,954334
2119674,97687
2120118,115078
1944709,2683590
2120244,104593
2120246,100862
1944809,952220
361486,105918
2119501,102567
1948448,953960
2121336,93272
2086593,112922
2121670,115551
2088536,948372
2122194,106788
283250,954893
379314,97096
2122537,1090631
2122711,2137909
2123121,94826
2123126,92689
2123475,1083007
2671207,2683888
2387232,1091076
2124650,1084170
2202186,949112
2072413,1089707
2117089,99412
2085690,113322
2116523,953310
2385718,100541
2117884,101104
2105931,93307
2673181,1090445
2114525,958072
2071699,952615
2105284,1726431
2124777,91372
2067113,2017813
2106396,1091560
2197732,101585
2258495,94456
2055572,103654
2051994,2028211
2126827,112874
2673325,953793
2201417,1089577
2065175,1091739
2057886,109250
2252760,112669
2127500,103158
2050279,1088640
2094434,98714
2075230,113326
2068328,94992
1919584,111439
2064330,112161
2063966,115430
2074333,111374
2064696,949244
2382255,115266
2064086,115578
2110708,110204
2063747,1091345
2068127,105227
2068136,93971
2068186,93827
2054690,1086001
2065615,951974
2065127,105697
2070119,1864022
2070389,113137
2070629,1090066
2070951,98561
2071327,2037282
2071860,97267
1927625,949632
2673681,109260
2391931,950458
1946994,115525
2117431,1867866
2074335,1091123
2074425,110617
2074757,1090307
2113859,1090102
2076869,92271
2076987,2021670
2077233,951713
2383287,1883958
2258319,93772
2258328,93773
2258293,1088965
2258281,1088942
2258818,94306
283246,91822
2197753,93770
2258374,94668
2258379,95197
2077453,1087203
2077863,1088929
2079240,96048
2080373,1088553
2080848,103772
2258384,94798
2080965,100804
2082149,92282
2082123,103444
2082430,91077
2127470,93665
2258400,94310
2258410,94309
2671062,106116
2258335,93774
2273360,91812
1932346,1088642
367175,1087418
2270506,2012195
2090160,104497
2272405,93579
2682832,105095
1915536,1867858
2084133,113345
2081414,97738
2090024,1090429
2071133,1087811
2082575,105982
2087062,97124
2115132,110289
2087391,100307
600354,1091500
1952277,95413
599826,104662
2075057,1085979
2270565,102216
2257991,953530
2086298,951147
2093329,956834
2093516,953291
2747757,105152
2270624,98725
2393275,1086632
283536,94940
2271323,100630
2094192,1089643
2124812,1092034
2074764,1726389
2115357,950029
2119325,97538
2069482,951820
2116598,113247
2078596,953400
2065715,104932
2114963,113554
2122356,1087545
2087611,98420
2114770,1089310
2086186,950945
2085849,108154
2105196,948279
2092058,951117
2092052,1882693
2092296,948631
2113048,110501
2065773,953371
2086146,107490
2089397,100307
2086117,106135
2111177,1086251
2089801,98665
2112157,99689
2088337,90945
2114467,949907
2119427,111360
2116490,105231
2067116,100643
2117424,953857
2117790,1953535
2093890,952727
2118823,1084145
2120260,99333
2120289,1717965
2066180,100623
2120846,103381
2119034,1872731
2120817,92561
2122384,1884949
2122640,106106
2122845,115496
2123103,98104
2119662,97932
2121331,1858707
2118708,105460
2093806,100888
2077693,1087056
2117175,104959
2062662,1091306
2085505,115448
2083773,108380
2087056,92893
1926868,87921
2067515,93535
2270718,1091726
1921103,100628
1918444,103588
2270268,958306
2383825,98618
2270744,958677
2393272,1086628
2393279,1086634
2260472,2130403
2393278,1086633
379345,100263
2673761,1090132
1933347,949183
2384188,108265
1944336,110996
2074359,1864043
2072448,1084309
379276,103997
379358,105152
1918297,958001
2748036,112764
2203622,112532
2231074,949543
1919713,1091360
2085927,115351
2123211,114030
1926530,107293
2094452,1162344
2109968,950258
361539,2136667
370830,2021679
600251,99419
2113426,113129
283512,99161
2074951,101376
2074933,105707
2077650,1084354
2089945,100563
2104586,1087447
2113466,1091509
2270888,115640
1926237,105443
363664,105437
365668,109264
375770,102344
379428,101446
1917289,112226
1948321,96291
2052504,2020675
2053268,1087069
2053532,1087103
2087325,1087176
2122291,105696
2132429,949948
2380552,1704341
379218,100678
368306,2157049
375924,105366
386076,97125
600263,100229
1932546,2159259
1942410,104855
2070893,104946
2076215,112572
2091891,108411
2097668,1084272
2113114,109780
2114126,101294
2117326,1091698
2121619,115588
2081871,951691
283562,99922
365197,113547
374203,1868777
376120,1703502
1928405,94018
1932349,1088647
1935306,1088574
1941645,98327
2056459,105409
2064698,2043420
2087304,2130735
2090461,2043594
2105785,100448
2115269,1091940
2116616,1162383
2117868,100983
2122348,1854360
2131000,106624
2382431,99061
361812,949608
368109,96288
2387066,100880
371807,112651
375918,98341
584504,108284
372418,100919
2208599,950044
2748343,102678
1921849,88852
2252631,114088
2215932,108110
2083324,95451
2092056,951088
2269610,952133
2110686,113955
2115037,111131
2119500,105737
2088660,1092046
2258025,101216
2089624,1090574
284840,114377
363546,96577
367424,105254
2258241,98139
371829,95677
372808,115032
373661,102463
374255,103429
374554,953405
600465,95560
2066454,958495
2242421,952856
2065783,952725
2065777,102375
1912020,92837
1914914,1086716
1916602,109521
1932390,1088621
2110706,1953533
2076153,950663
2255556,112996
2093631,98186
2094370,97275
2106553,113307
2118718,103815
2119443,953797
2119687,94013
2120290,1892990
2124335,113108
2103184,952720
2271643,948557
2204703,115542
2051295,953167
2207944,113815
2227631,106349
2215949,949847
2258113,1091204
2227638,949478
2215685,108413
2204810,107269
362723,110735
362822,95635
365947,114408
367670,96919
368041,948995
374344,1091490
2222310,113505
373628,112756
1912446,1087397
1912792,1891173
1944403,1087177
1946620,1163130
2050281,1163158
2052365,2014983
2071089,958115
2077330,105359
2082162,953714
2207968,111732
2093210,1726380
2105557,97736
2117990,107023
2242319,109980
2236787,949838
2221357,1092181
2230923,112395
356552,98402
2236827,2157055
364051,101867
2126900,111503
375814,114283
376482,101898
914312,954669
2120992,949191
2207563,950065
2119556,952480
1921262,951938
1924804,97641
1927822,1100276
2242555,114385
2089912,99815
2053350,2015006
2209569,110753
2273179,104074
2069157,1089349
2069512,2029248
2070789,952411
2074325,110566
2076550,107145
2204894,115458
2227044,2008647
2090169,1091038
2092048,951088
2111938,114555
2112359,1091562
2113550,1170883
2113822,1725345
2118430,113644
2119258,91759
2120119,112201
2133124,93919
2272766,958713
356435,104377
361445,104123
370521,107645
371822,109405
373459,110609
2051709,98072
2208937,114983
1917193,109413
1931764,104645
1932630,1847175
2113455,949635
1937869,114298
1942236,112049
2200630,115378
2199555,956541
2076925,2028444
2091447,106355
2092194,109541
2101695,107338
2104808,951502
2113142,91477
2117284,94978
2120479,115569
2121520,948562
2121920,111113
2122289,1087096
2131085,953259
2194070,105371
2380599,112003
2203564,950892
2121832,1090322
363544,103824
366052,112926
369904,107976
373654,111631
957600,88689
367169,950668
1911187,103673
1917312,112232
1919944,106565
1923758,1859118
1924319,105109
1934533,94161
1943707,103633
1948369,1089180
2053395,2012603
2071202,1884007
2070197,954089
2073884,108095
2074208,2157088
2076539,111128
2077720,2034919
2243278,114362
2092388,951086
2096552,950451
2103305,103485
2113540,1910625
2119516,104447
2126860,115087
2132293,94487
2381009,115609
2104709,1085978
2272426,93934
368043,99509
361718,97695
368322,948165
370073,99505
371809,108263
365694,109919
584514,96115
365087,114101
373340,102209
364173,950242
2117030,106059
2267564,950483
2270555,1084275
2382303,110621
1914911,954595
1919129,114970
1923280,951667
1923640,101436
1924085,106965
2127481,104272
2384029,2021679
2050278,108119
2052315,1084360
2053285,2012706
2055118,1892276
2065705,2012601
2673239,957081
2076763,105180
2077711,1087093
2086312,113990
2089402,100565
2092398,951086
2095899,114951
2111099,111128
2132582,111389
284033,99922
361836,112445
362062,112446
365471,101185
366013,96763
367025,1085962
367831,101085
371039,111302
379366,103333
2074475,951491
1926301,97584
1930144,2024946
1942393,951452
1944915,96249
2064867,1088673
2070325,1884023
2071948,101899
2072582,104555
2076655,100927
2078391,948758
2080929,1864960
2087741,1087777
2092312,951083
2111064,109494
2111143,98033
2112448,112710
2114548,108534
2118988,104632
2119770,950570
2120510,108568
285083,97708
363926,958001
365814,1089574
373339,950458
374027,955005
584583,949275
1914874,1084373
1917238,1090076
1918830,1084374
1918845,1087171
1921404,1091488
1937716,2021662
1946046,115373
2052663,2137853
2053367,1087300
1924820,110225
2087335,2038577
2092098,949244
2115373,113511
2116987,108375
2118589,110670
2118722,114405
2120894,950874
2122816,1091556
2124623,88143
2124795,94361
362157,114998
362818,950637
365195,99237
367440,105284
373988,96432
374522,1703389
374698,953807
379363,101415
584506,950911
1919772,948985
1927235,1086974
1946836,93968
2052353,2020671
2053259,2012732
2674451,948971
2063939,113021
2065386,103100
2071113,97048
2077944,103328
2081996,1092031
2084909,104335
2093813,105280
2114869,108206
2117957,101380
2119446,1089595
2119444,1091945
2119740,950523
2121524,956794
2122251,953944
361868,98910
362522,111213
364917,109151
365447,2146635
365485,95517
599963,97628
370791,113356
372910,102467
284269,1850107
1913175,101417
1932295,1088611
1932394,1088643
1937727,2021661
1941751,112864
2068699,954528
2068989,954914
2069174,1089318
2076277,111659
2090332,104384
2102782,1084629
2103230,1091258
2104729,104153
2110354,98666
2111553,108205
2124172,103879
2133030,93917
363026,105926
364626,104590
366750,950327
2093793,107744
368079,98758
2093795,101144
369591,104478
369695,114969
957440,92090
2101474,106961
2105314,108455
2112555,1086251
2114705,105864
2116265,114010
2118007,114119
2122246,105435
1935174,112877
1943471,91881
2052136,1086190
2076336,108829
2076571,113553
2077734,1087093
2077930,2159350
2080851,95677
2081693,1090416
283625,954210
362151,1087356
363569,112753
368836,100750
373835,113936
374142,953263
584300,95276
2064307,112162
2073080,99940
2074670,96006
2074918,958517
2076573,109086
2076923,2012729
2077437,1087128
2090317,98788
2109951,113973
2116908,949710
2119552,103719
2121045,1953534
2131278,97722
356479,101974
362124,111213
362997,102439
363701,109138
365208,1091077
365650,109315
367474,105861
368316,114082
369037,98121
375815,114743
1928168,954209
1940756,111487
2053360,104334
2053441,2014974
2104852,103879
2111974,1087150
2113076,111567
2117004,948711
2117288,954572
2117438,1089324
2118757,951760
2120151,96232
2123675,108554
371424,115202
373679,1884037
375942,105284
376211,113379
599711,949172
957471,1083134
1911256,102695
1919301,97043
1921624,1882671
1925616,113011
1941667,1088182
1946300,92376
1948606,949133
2050262,1088541
2053340,1087361
2053352,1087073
2053380,2014964
2102904,1095168
2105429,95850
2123576,91421
371774,2012735
379370,958131
584433,104325
1920207,1726392
1925113,959549
1926760,97612
1926778,1863085
2051159,1087016
2053347,2012703
2062873,108597
2069782,96417
2070726,103334
2070884,954868
2074706,101524
2077351,101772
2082851,1086590
2101814,113884
2111247,1086961
2114976,1091553
2115811,111058
2118768,93234
2120101,950649
2120249,101046
2122583,96456
2122802,110855
2132859,97723
367348,112574
368848,103645
371801,103987
371940,104285
373270,97789
375207,948348
379338,97758
379379,102865
600408,91973
1919451,114752
1920450,1162314
1923411,99426
1934535,1087554
1948095,957976
2053374,1084609
2057904,109249
2066547,955203
2092049,951117
2092731,955631
2093063,104583
2094518,114935
2094519,108563
2101628,114808
2104760,1083220
2110045,113943
2110806,96215
2116334,2038575
2117222,954390
2117794,111659
2118539,1714970
2122820,2685129
2124802,1866118
283473,950747
361749,952358
361921,951014
363087,1088580
364321,112728
369667,98170
369790,948706
376257,1087011
379423,102695
584361,1091988
584508,948947
356393,2683903
1914964,92752
1915122,1084587
1917054,950722
1926166,109021
1937704,110267
1937728,114395
2053318,2014971
2053330,1726416
2066146,954903
2094782,110750
2103963,113244
2109647,107664
2114977,1091555
2120258,99340
2120398,950988
2104757,1725337
379267,103087
584368,114125
600229,112653
2082137,954783
2103378,110010
2104144,109800
1914963,92744
1917278,114594
1919396,101858
1922898,1704339
1924558,101207
1932331,1088557
1938430,1091495
1938441,949443
1940625,92658
1941409,92936
1941844,1895464
2051976,1086186
2052138,1086228
2114626,96417
2116026,101999
2118770,91964
2119145,110733
2119275,92382
2119780,114640
2121531,950969
2123683,109417
2132909,953431
356547,98474
366209,109791
366378,114447
370280,95578
371796,101454
373780,95493
379347,105710
1921781,1882663
1926074,94184
1932328,1088535
1932628,1847176
1939129,950588
1943472,92074
2051184,1084610
2053783,1087658
2068986,954906
2079407,101761
2104518,110735
2105212,953859
2110374,1894593
2117057,112679
2117485,1083384
2120160,97328
2120589,949106
2121319,2024956
2122803,1090074
2123226,950656
284480,949275
363451,1091545
363669,113414
363995,104061
364390,113018
364686,92175
369031,103943
369067,96139
369381,112829
371819,102319
374277,115321
599942,109069
914303,102293
1915456,98492
1926766,1863084
1932336,1163159
1932368,1163159
1932627,1847177
1933060,107391
1933450,103516
1940097,98668
1948626,104315
1948722,1089551
2050282,1163161
2050415,951437
2062433,110499
2065810,103385
2074763,99686
2082825,113269
2093811,100873
2093816,98757
2113077,108631
2114544,958072
2116372,953993
2116604,111653
2116896,949698
2118134,115261
2118709,96022
2120005,106450
2123286,96622
2123708,114292
284352,102884
363216,98933
365780,114549
365836,95963
367720,114695
373881,97039
600416,104994
1914920,1086715
1914930,1086727
1919836,107072
1924078,115038
1924447,111227
1925683,1086289
1932364,1088646
1938442,949487
2051995,1086218
2052675,2020672
2075077,952437
2091641,948833
2103903,108653
2106518,948956
2114749,1089291
2114767,1864035
2115606,105975
2115631,99113
2115776,106924
2116393,94478
2119024,104787
2123786,108031
363056,950667
365614,104794
366127,114680
369866,113779
370581,110496
373101,96694
373823,115288
374665,92386
379268,103001
599926,103794
1924081,106965
1928158,1088912
1932579,2028179
1933445,1088933
1942073,1872701
2055099,953988
2062483,950198
2064857,1088642
2069154,1089311
2070107,1864024
2076275,111656
2076926,1087302
2078122,94913
2081405,2137889
2081952,1084078
2088657,98082
2092081,949186
2093639,108919
2094254,111947
2094439,952354
2107063,1726426
2114100,1703237
2116038,956424
2117484,953261
2119207,953920
2120139,1875299
2121798,114655
370002,108224
370495,105573
372710,107512
379296,101292
1915292,949360
1915455,1087814
1915688,957285
1916294,107746
1917070,112558
1921640,955171
1932393,1088542
1941684,1088101
2052307,1084363
2052473,2020674
2053489,1726384
2053535,96786
2056765,115178
2069020,2027755
2070475,954692
2103259,100026
2105288,1084144
2105866,2043595
2107280,104020
2123667,1170901
361496,115692
366182,100655
368711,97565
370039,114422
372329,106939
379076,952886
1917300,112142
1920800,1086925
1925962,114359
1932528,2683603
1932581,2028180
1938300,954375
1942235,112049
1942354,107958
1946296,92001
1947419,105638
2053314,2015007
2064311,950250
2065771,95864
2066016,93046
2070081,1088850
2089251,2039743
2092234,948630
2093071,97949
2101406,110807
2110365,1089978
2110716,114706
2113632,1090025
2115049,106280
2115625,114395
2121663,108026
283145,92061
284948,1086673
362093,101530
368624,92699
368910,99897
369427,105116
374719,102072
600387,953138
1914902,1091787
1924162,1087550
1933061,949628
1939671,110633
2068886,94863
2074666,101930
2075129,113685
2078398,948194
2082200,2028450
2091026,100280
2093032,97047
2095039,99645
2095769,948999
2096597,106183
2116552,108787
2116901,107664
2117039,950500
2119969,108518
2120149,105100
2121252,102215
2121498,1090888
2121601,109984
2121884,109006
2123700,108415
2124117,1083343
361842,95833
362073,112442
363650,99725
369743,114736
370814,104619
371162,112597
373009,100362
374837,1091576
1912594,954252
1914950,1086712
1915239,952294
1915324,108656
1915730,1088586
1917265,111038
1920565,1087422
1935965,115218
1941675,92200
1945732,93905
2064694,2043422
2065920,1090068
2070689,98921
2076754,956220
2077732,2014987
2089476,113272
2092976,98186
2113075,1953534
2117109,94317
2117517,1091776
2119661,91484
2119973,1849161
2120620,105713
1929015,91768
2104722,1091203
2055198,96689
2748458,93150
2273216,103766
2072281,954604
2387608,954601
2748497,954549
2199843,2043564
2070148,95249
1916955,1090518
2118656,953363
2387738,103618
2069436,93461
2069615,103869
2071983,100166
1932584,98943
2708303,97245
2068727,95255
2384139,92735
1916817,101721
1941148,2047739
1916491,100014
2068152,93521
2204104,96175
1916669,96853
1915781,98686
2088680,103929
2067667,104839
1931795,94849
2067620,103353
2067613,102779
283895,96756
2067538,105921
2067445,95400
2067919,95346
2088726,94930
1916490,102009
2067959,97937
284587,97784
356508,102089
284694,96707
2067989,103072
2067294,100954
2273759,96007
2077210,1094956
2077133,94087
2066438,99477
2067335,100012
2066422,1084151
2067315,104679
1931782,1086571
2066586,103839
1925938,1884169
2071577,95553
2065484,105900
2065565,98845
1929544,105624
2748854,953773
2067279,96422
2080753,112053
2065531,105551
2087027,96772
2065112,97135
1942442,958556
1915120,1090539
2194677,953081
2748539,2039740
2110719,948776
1942716,96254
2060463,952852
2749195,98782
2084939,105177
2748468,93538
2748479,2139100
2748481,2139101
2748274,96372
2748219,97318
2708289,115918
2077208,1094217
2748525,94918
2748434,101163
2110242,951795
2113603,105446
1919683,105497
584276,104325
1925578,102806
2274361,97163
2274363,102155
2270115,99596
1912840,1089591
2074991,102916
1931632,111249
2051246,2026631
2070685,98390
2081348,93633
2089561,113588
1946297,92062
2089626,948462
2749303,93309
2119692,103819
2075038,95424
1942409,105722
2117919,1726389
2272535,949542
2270182,101675
2090222,93860
2053518,2012604
2114057,95206
2112604,952653
2119701,104706
1938184,95683
2111173,952654
2111175,103188
2749416,98459
2114060,95201
2114069,95206
2273946,93286
2104708,93286
2069433,105963
2055682,1892962
2258279,1088863
2069030,954242
1930886,1717962
2127732,93323
2052632,101224
1937595,1086191
2093841,954688
2749428,95687
2384858,97484
2270104,958514
2067309,96685
2270111,958512
2066526,91464
2270119,958520
2112672,950395
1915767,952870
2270256,90634
2200495,103720
1923842,100380
2270275,955243
2088366,90767
2748935,111223
2749468,110595
2749090,108088
1920083,950979
2245842,115130
2102697,106059
1920986,114331
2091691,110386
2385080,97227
2271539,952275
2073252,98088
2104158,114635
2063813,112182
2680570,111363
2749620,113667
1932440,112145
2749628,109958
2208602,112422
2270123,1090221
2269990,2014014
2258123,2157047
2258122,2157048
2749668,2014014
2057903,1084325
1948683,113086
2274069,948463
2075234,111104
1942210,949240
1939742,114649
2104157,948999
2075133,1089555
2749686,99233
2748302,2683865
2127384,108550
2749089,108089
2748952,108090
1942380,110963
2075107,108405
1945558,114590
2195471,1145531
2749479,953623
2749087,950290
2208203,1090303
2117078,112794
2267164,948339
1932323,1163164
2122678,113813
1932306,1088674
2678966,108241
2195984,96782
2118849,101814
1928945,106146
1928609,106130
1914896,105500
2116497,103750
2196018,1086854
2083703,104380
2072050,105302
2257735,99431
2067780,101778
2221366,103814
2088501,1094944
2386599,105929
2682886,96335
2386685,952912
2678682,105794
2386689,1100464
2386693,1163147
2094503,98408
2089126,105929
2386716,96491
2103309,1866382
2386774,1884033
2196135,1163190
2071795,105671
1924220,101860
2066181,1087500
2056590,1884050
2117456,1868772
2071500,99954
2071536,100902
1943079,100560
1943083,957314
1916369,951743
2069411,97817
2067313,953254
2117426,100898
2393254,101750
2273803,105154
2273210,1953514
2127594,1091459
2077998,1719980
2078002,1719981
2132777,2009188
2071185,952240
2268071,1091459
2196951,96627
363808,1089979
1918921,951842
2070720,102946
2196946,2130733
2070659,96305
366759,1091812
284663,952722
284716,104599
2070648,953161
2112487,953716
2197834,953252
2070716,954717
2070824,958153
2070691,98389
2196952,951995
1932558,1090737
2258237,2137841
2391705,104995
2392719,1882684
2392725,97231
2074800,1087545
1924215,92941
1946295,1087552
1924216,92595
2119379,92272
1940615,92679
2070878,955011
1943474,92487
2087088,92852
2070322,91976
2070363,92922
2274013,958627
2274014,958626
2077200,94524
2069027,954482
1924250,92896
2070313,92084
2070226,1088953
2120136,954472
1945426,95327
2750073,958624
1939992,1094927
2258477,105575
2070179,94624
2070181,94628
1935620,93612
2103099,94546
2070266,95330
1914943,1088881
1914944,1088884
1914938,1088878
2070177,953963
2113977,104266
1915125,1090516
2194446,2137898
2113982,1084701
1927885,1090542
2066195,1088165
2123577,956426
2066229,92174
2110179,92174
2198108,1084879
2387722,2028188
1939629,96926
2069091,102149
2387733,105771
2070353,92134
2198114,1953948
2116058,1086658
1938008,1085972
2069453,952155
2069520,952126
2197636,103057
2270157,103380
2194524,105408
2070334,954771
1935035,104083
2069160,955233
1929423,93003
2054883,1083165
2054884,955235
2068975,1088857
1928170,94170
1922930,1722457
2273984,97336
2069003,955012
2196956,1091524
2196942,1091526
2067105,95081
2068894,93621
2196850,101586
2197987,104860
2054186,103958
2054197,93306
2068306,101451
2068706,954087
1919618,92107
1946797,2028208
1946798,2028205
2069428,93967
1914897,1895154
1927583,954084
2199584,93212
1933115,1084228
2068749,93257
1914586,1089981
2087257,92059
2196782,1091835
1915339,115926
2220193,94915
2065821,1852807
2068161,93027
2197668,92803
2065788,101353
2065824,98534
2068166,93191
2065867,958569
2197626,92544
2068559,93260
1946281,94877
1947613,1089442
1947604,1083239
1925531,94396
2068577,93785
2194532,100719
1917366,1083193
2077047,93727
2068198,954014
2068117,954433
1924334,954385
2194012,91321
2194550,1090243
2067295,101456
2196166,102762
2067821,104664
2194096,100732
2067655,101862
284270,100729
2067507,1086568
2068950,94926
2083243,103622
284575,1084131
1931743,96989
1931796,96948
1931794,101823
1931701,102896
2067963,1084131
1918914,95878
1933116,93745
2088658,95794
1931774,104645
2067230,94923
2065110,96792
1931711,105379
1935032,96244
2066153,87872
1914314,1952574
2110330,957323
2392765,1952574
2391658,87600
2068399,91790
1946284,954856
1946301,92293
2132495,87696
2194176,956511
1914313,1703383
2750532,2025644
2070317,91792
2197755,1088356
2387286,954778
2082617,92676
2673320,955079
2093513,96204
2387479,1892979
2065564,92771
2194039,1084268
2074572,949177
1924235,1090630
1920349,102191
2067762,97004
2065431,105374
2065843,97461
2072007,953322
2093454,97047
2107092,97047
2066603,96260
2065593,1952589
2087891,953791
2065940,953371
1920346,100430
2194609,100550
1916707,1703513
2199749,2009189
2066594,952403
2066659,94696
1931695,103756
1931790,96957
1931688,97053
1931745,104053
1931747,102334
2066658,954393
1938998,948479
1938759,110594
1939080,115421
2259902,111075
1943151,115400
1937876,114681
2074258,950952
1915164,106518
2273110,2685505
2112599,954013
2197010,954965
2060496,2157478
2750597,98638
2059944,952633
2386305,2017803
1945692,951102
2061326,109509
2114913,950884
2075041,93336
2053182,104868
1921261,104058
2680577,104034
1932187,96438
2056091,99673
2093907,1091936
1939220,1086844
2056507,953605
2675698,101045
356424,102927
2052474,952359
1916446,1091945
2055457,952031
2055393,952216
2055468,102378
2055462,102378
1946199,958591
1933535,954921
1929754,92736
2115197,94563
2119230,93309
2055133,955024
2750711,109749
1916422,110329
1916421,110330
1935089,1087448
2056473,96244
1917467,105797
1931517,92601
2116398,952750
1914967,94541
2053813,88327
2202951,97100
1928169,954370
1919252,953563
2093762,94199
2070189,93316
2054187,95870
1919079,94439
2054204,103634
1926240,97429
1939627,2028188
2055752,97873
2053109,104968
1939628,96926
1920297,94570
1920300,94637
1939631,102327
1939630,97974
2678916,96720
2052261,91437
1916479,1091950
2052426,91437
2053079,96468
1920655,98320
2199146,1863080
2052954,104736
2052695,91368
1912060,1091947
1928165,954373
1918640,1090278
1925099,1091429
1916279,99130
2051681,101157
1921293,105087
2112477,951701
2051687,98550
2202559,93393
2051714,100874
2082143,954016
1918642,1090277
1916278,99130
2051671,100868
1917466,105762
1917468,101817
356493,98083
1920869,94233
2051592,953612
2051105,94232
2074645,100851
1914782,954019
2072511,950752
1945827,113654
2271737,115759
2270058,114358
2058585,1092119
1913681,1090674
2056844,109051
1946650,950481
2056958,1722522
2671009,107007
1927478,2034549
1940686,950631
1938084,107160
1939743,114711
1922888,949393
2385693,950672
1946635,1090162
1943012,108258
1927669,112035
1942188,106750
1920974,109300
1938830,2685435
2750747,109866
1942351,949170
2267028,952275
1921055,104496
1921073,104496
2060429,952858
2062246,111402
2086257,107139
2118570,949653
2200399,948333
1932061,111266
1940467,112810
363628,948932
2748073,949404
1922325,949401
1940466,950837
2074232,114469
2259878,948388
1937783,949688
2269689,949434
2086161,114320
2074228,2683826
2062331,107946
1922329,949396
2063266,106964
2123787,951475
2201799,106145
1947297,107678
2079849,107014
2076257,950966
2259310,1875928
2074277,951265
1938749,950585
1940448,950647
1919589,110782
1938938,108705
1919609,949091
2074221,108798
2062400,951230
1920084,951010
2385857,1088588
2682051,951433
2258976,1891248
2259033,1892278
2064866,112985
2382752,108352
2116283,1088567
1932262,949945
1915673,1089141
2064962,109522
2050319,950521
2750863,110926
1941210,113798
2064950,107150
2064968,108842
2074407,107478
2260129,948974
2269265,951112
2061273,948981
1936514,1090103
2072438,950704
2260051,111254
1940743,112120
2111304,1722530
2073014,107359
2090499,1084298
1933367,100167
2124693,1703644
2068220,2048710
2127400,109180
2114256,948769
2103371,1089555
1947111,106671
1921478,114839
1937607,107645
2058118,108022
2075076,97329
2195989,1087576
2076736,100829
2075099,108431
2094666,106203
1915144,106205
1940985,98250
1913834,948869
2392477,96617
361443,102285
2078168,105823
2055109,951911
2269404,105444
2257772,1894579
284209,2031061
2083595,95860
1921401,104318
2072073,951890
1916986,103806
1932963,103679
1932964,103697
2392487,96034
1921389,103274
2090329,103485
1931831,953567
2392491,105444
2393200,1163192
2196177,1091080
2072071,105007
2392515,1703649
2077848,954090
1929583,96364
2750889,114341
2070072,87936
1924125,98365
2071916,105401
2071707,952391
2072045,97348
1928995,96144
2069301,952615
1918595,1892969
2119398,2024945
1920942,1087579
2056223,103134
2071572,104497
1921440,951938
2083412,101050
1921260,98023
2069572,99416
2071714,97091
1931365,96361
1917401,98130
2260244,1086574
2078194,952740
1923408,1086161
1922271,96104
283581,99546
2065447,1952576
1912817,103539
2112725,1703246
2071343,99511
2196295,98808
2054492,103947
1931898,953568
2071387,1087580
1917403,102863
2119598,99340
2071501,99049
1922761,951912
2120243,104160
1943131,97407
2071481,1170889
2071504,953606
2270585,92321
374621,97860
1921266,101695
2071291,93458
2111668,105283
1914697,953887
1944512,103049
1924375,101925
1921264,97242
2056360,105711
2107260,949915
1945991,101770
2071161,101305
2077800,1883969
1931216,95535
2257776,2682299
2214199,2682255
2268068,102659
1927091,98614
2260349,2683617
1948739,100095
1932895,1883969
2071634,103615
2199132,98407
2196082,1870830
2056024,101192
363556,1089584
2194099,97189
1925124,100656
2081691,103089
2076977,95867
2068915,100421
2196790,100408
2123724,951815
1941981,105170
2671267,96600
2387042,101696
2387049,105710
2387064,952986
2269503,103213
1915189,102949
2103246,101741
2194063,953919
2194104,104084
2196783,103800
1917117,1866129
2194091,100221
1941984,951808
1941756,951780
1914603,100505
2077016,953728
2269513,101108
1915445,1089423
2055830,104741
1925283,104453
1918898,98281
2124692,1858041
2196348,2130732
2197941,101207
2080912,954869
1930123,110919
1924322,97984
2082895,93214
2071053,105034
1928499,103718
2258186,1477135
2055469,952386
1914959,92879
1914948,1086714
1914961,92850
1942465,104800
1930101,98524
2089803,954632
1943473,92074
1929000,92091
2199646,98839
2115196,94564
2055615,93231
1914935,92811
1940342,101937
1920693,97656
2070485,93074
2055194,103112
2258248,102791
2258249,102787
1946288,92487
1923988,92382
2120824,103444
2070476,93084
1928480,91715
2683115,1087549
2673707,92592
1924245,954871
1924246,93071
2093763,93767
2270602,91753
2070374,1703249
2118974,92837
2124729,1953521
2258297,1953527
2196875,94160
2269518,954878
1924145,954803
2070319,954951
1941727,954947
1933387,954577
2070324,1085867
2070358,1087549
1939309,954008
1941741,1100259
2089512,954815
2089510,91988
2070370,1089351
2387612,1089352
1927575,93714
1944232,103775
2052731,94948
600211,954149
1948319,105314
2053282,103263
2077719,96694
2053237,97172
1923565,103560
2194427,2137902
1932611,103186
1923977,1084672
2269563,951697
1918565,1084701
2258636,103944
362063,101359
2054859,103320
2077643,100899
1945924,103998
362362,99703
1915760,102808
1920880,99693
2384819,1884024
2260526,958585
1915126,98687
1914646,97884
2269578,1084584
2384147,956428
2751177,2014992
2119571,102118
1929265,100157
1921408,97344
2069720,96080
2268114,103572
2124849,98102
2196427,100569
2068311,98092
1938182,104225
2673205,98006
1932920,96578
2087605,100555
2267634,952743
1938132,97988
2387792,102617
1912898,102104
2387810,96496
2069917,98104
2124830,98099
2199216,105922
2387847,104086
2384152,97998
2124860,98419
2070376,91939
1919119,104586
1940426,100917
1923903,91875
1932609,2039185
2269541,93027
1938161,98314
2196358,96530
1921564,104575
1924087,98353
2124861,98102
1923886,91827
2077768,2683921
356592,98000
1940406,100916
1940412,951936
2052554,951775
2267611,1089444
1919887,1089496
1939982,96482
2197798,2156687
2054298,105074
1941164,2025651
2055644,97663
2070115,954146
1946195,958606
1926079,94259
2077799,105865
2196322,96475
1912453,2156695
2197754,955030
2056118,97803
1929011,91709
2258271,91746
1921392,97203
2069161,102484
2260277,102547
2069165,104245
2069162,102451
1929013,92988
1932214,1087578
1932588,101621
1932582,103751
2114730,952627
1929009,91715
1944976,1086221
1930588,91733
1932577,105575
2258321,92507
2268388,95909
1921394,102713
1932629,953556
1930909,93043
2069229,98495
2087646,100561
1946969,952779
2708299,1086162
1913685,88071
2069077,101015
2069130,953091
1943400,953581
1922310,106008
2054689,103654
2068940,102178
2054700,955049
1932935,1086125
2131585,88019
2051980,952420
1921962,1089376
1928485,102266
2119548,102266
2068794,96479
2068409,87823
1912034,102266
1940309,101525
2116024,102266
2055610,954704
2194098,101311
2068787,952786
1931581,954699
2068793,104655
1912540,952357
2199392,97770
1940427,100917
2087614,99868
2114697,951919
2197718,953677
1933118,95023
1920302,954051
1946010,101265
1926508,102656
2258851,92241
1930413,94587
2132266,98802
2257929,2044914
1913642,954510
1913641,954427
1924332,100547
2053587,92868
284113,104741
2107116,98431
2065828,2042915
1924350,99993
2258309,92768
1940145,92847
1941726,954945
1941708,1088098
1930255,92846
1923536,92780
2065832,102156
1912514,93190
2258331,955042
2132184,98399
1915782,97721
2194512,95958
2269592,97418
2194503,95960
2269455,1089433
1917367,1083196
1917369,1089434
1930079,96829
2196645,1083236
2117286,104180
2196104,1083167
2102961,1083179
1947606,91335
1947605,91340
1947607,1089437
1924342,93777
2069316,96110
2071242,103120
2078195,99473
1916748,99616
1918922,105745
1947026,87483
2070874,958501
2267655,956578
2196812,92532
2087568,956577
2120906,1871387
1916508,92429
2102824,1725310
2258506,954915
1913639,954033
1927039,93218
1916505,92430
1921750,102601
2067512,103874
2067635,1091043
1915803,91405
1924026,105317
1922316,105674
2067771,101782
2071316,100872
2269403,953319
2070267,2011594
1924507,102612
2269434,1894215
2269435,1894214
2067758,96360
2196222,1726377
2269443,953573
2087761,100720
2071649,95817
2067520,95411
2392974,101350
2272779,101347
2067781,105100
2199680,98268
1918617,103378
2068210,102971
2077795,1883971
1946781,954124
2078084,954496
1915537,1867858
2067657,99415
2110234,100426
2078064,98179
2751228,94896
2751231,96363
2387292,1088177
2269535,99712
2269536,100472
1915029,952078
1917457,92939
2087656,97811
2051000,951891
1929434,103881
1921398,98179
1922738,1091743
2269491,1719492
2065590,102343
2066236,1726375
2074599,106119
1938011,93150
1921388,99341
2068560,96741
1918339,102983
2065556,102049
2194604,98808
2089432,97165
1926887,1086719
1931191,96150
2393011,97999
1921391,97203
1921397,96034
1942443,110391
1932999,952284
2053515,1084521
1926150,953514
1929280,103750
2055406,97726
1923556,1722492
2071591,93458
2052841,1726376
1946602,952241
1919230,1722471
1921407,102516
2065327,96633
2065137,101765
2065015,951655
1941836,1895462
1923639,951878
2050944,103562
1933353,101558
1913638,93926
1912980,101176
1925883,105996
2051008,104880
2392480,103954
1914876,1087424
1913640,1089232
1921863,88926
1942352,949169
2751024,103652
1942318,948627
2073298,953532
1921082,102277
2384976,2034917
2124467,953844
2269792,2034916
2204014,96395
2751344,949409
2748886,949293
2384566,110760
2748939,111486
1932765,113099
2748948,111480
2095904,108391
2259619,108964
2072973,1866390
2059239,114785
2078312,1090970
1914550,1884135
1913780,109891
2084780,107828
1940727,949025
2059223,950154
1941364,112273
1941365,114813
1943009,114780
1923026,948823
1917370,115332
1942377,109951
1935103,115071
1921479,107086
2064224,110119
2057842,110441
2057844,949600
2057829,108525
1916167,109056
2057806,114364
2259626,108970
1941362,107211
1933349,949183
1942227,949637
2057682,948701
1917126,115126
1917673,949020
2057892,106253
2195421,106424
1948868,110613
2072408,111410
1946643,107192
1915643,115781
2121666,950773
1928125,114967
1933346,949184
2096006,948649
2057632,113923
1939722,106629
1912296,948603
1944357,108566
1939720,107662
2382068,948625
2057617,112990
1948422,114671
2271708,115524
1942363,110936
2057783,112649
2195415,107329
1916767,951155
2084771,110587
1944334,110996
1913680,1090206
1916768,114019
1922876,109047
1941500,114476
2057432,1090680
1946617,1163167
2072193,1090203
2072145,1722534
2057623,1090212
1920903,114301
2057428,1090194
1934509,1084259
2056961,1872705
2118423,1091772
2103363,1163131
1945553,1717978
1934686,110867
2056853,108316
2057622,112620
2084786,110588
2056857,108890
1914708,950787
368721,112085
1945557,1091403
2057615,109322
1923034,948844
1948517,949018
1944338,111174
2057814,115754
1942388,109557
2057621,1090683
2057660,1090209
2072322,109156
1946619,1163132
1932893,109842
2078199,115042
2084004,1090213
1942392,951452
1913676,1090200
1940987,97443
1940986,101544
1924232,105468
1931859,102290
2071937,1083378
2052919,102395
1943345,98107
1943303,99431
1944303,96833
1934316,95916
1916980,951709
957573,1090299
1934317,95889
1934310,95786
2204095,1170881
1931858,102285
1912827,96071
957769,1162352
1914362,102045
1914379,104980
2052771,99071
1912836,2031059
1926842,105023
1927312,95641
2070051,99386
1945838,98261
1940102,102390
1940106,103534
2075055,1086153
284774,1083423
1941616,105262
1928081,953229
1929584,95550
1920291,101005
2056526,99476
1927458,97766
1921354,96346
1921307,99499
1921325,951941
1928985,953705
2090209,98533
1933191,954880
1928708,95508
1925983,104166
1921410,97903
1921316,98926
1927449,102709
1921442,101874
1921336,96061
1930202,95508
1921441,101816
1927434,105388
1921350,95813
1921274,97901
1944804,103571
1927427,103225
1930058,96359
1929536,95493
1921433,96666
1912822,1090631
1921411,97904
2056583,102573
2052783,98123
2051475,100520
1941415,1090928
1945952,96336
2052656,952303
1916410,88980
1921283,104143
2056586,102572
2071424,95440
1930320,95534
1921416,105025
2071514,102589
2071492,953312
2071530,953604
1929438,100177
1922762,951912
2075004,1090923
2068790,98438
1924120,105401
1947755,96163
2052960,102652
2056036,102675
2052644,100316
1944513,103035
1921311,104112
2258018,958509
1914588,1092006
2683031,95577
2387047,100880
2387055,957307
2683047,98475
2683051,1091714
2052494,96236
2386925,97117
2392581,102205
2071062,101718
1931973,100223
2052616,952663
1929855,104639
2382465,952911
1939188,100337
1913065,98694
2678803,2048703
1927299,102132
1933381,2024951
1931016,103068
1919840,1894895
1918920,951854
1918919,951863
1924551,1094220
1923278,1873555
1919842,96207
2078013,1703236
2104752,1703235
2055754,953024
2117530,100631
2268084,952404
2197983,101186
2201291,952404
2268498,1721664
2268499,954590
2392563,96848
2678770,100505
2751517,100389
1933418,2024952
2052501,953918
2268555,1089597
2196343,1089578
1928510,100190
1931146,100191
1914595,104912
1942159,1084773
2387243,97085
1946724,953716
2119360,99829
1941907,953799
2104092,1089588
2052478,952676
1919099,1089570
1928239,105049
1928237,2024953
2272474,99005
2055986,98473
2127615,95758
1914570,102016
1917075,101673
1931310,102890
1930903,99297
1931580,96418
1923888,954772
1917057,95758
2055624,98665
2070743,96040
2268519,1083756
1925286,104387
2055570,103563
2118786,1100489
2070670,1089536
1923434,1091443
1943111,102337
2198104,2682324
2198090,2159828
2070651,99111
1929995,98529
1917059,96040
2055580,97222
2055621,952569
1943485,111679
2055404,102289
2055578,953155
1925284,104399
1915101,954636
2196861,952917
2070573,96768
2055554,100587
2066039,101919
1924267,104695
2203701,98145
1924219,92595
2055456,102368
1930544,91728
1929177,91837
1923901,93070
2065509,91800
1937706,114403
1914953,94532
1945597,87474
2119268,1849174
1923429,97560
2070516,2159351
1916788,92313
2673014,92680
2070400,102832
2258299,953449
2069652,2034256
1923381,2011580
2055201,97080
1912604,92830
2380706,948461
2380707,1085006
2270649,1090578
2270650,1090580
2069055,954878
1916785,92899
2678818,99795
1929565,91740
2095993,114158
1937714,958070
2055203,948995
1923378,950723
1929088,96557
2077889,954678
1938553,1084278
2070702,92788
1916787,954630
2258267,95066
2070326,954934
2070375,92175
1927336,92146
2052034,93053
1924252,92924
2258343,1089015
2070332,91883
2077856,95193
1914969,94533
1914955,94498
1914924,94533
1914927,94615
2065300,94259
1928175,93658
2088523,94971
2077861,954028
1916394,88979
2077873,95082
1914905,94528
1933446,1088934
2077869,1884029
2077857,94023
1914975,1089040
2077855,94498
1930755,1088687
1918901,99495
2052947,95232
2070138,95234
2070270,94129
2068893,94805
2074796,1722460
1937751,1090837
1929894,94380
1928166,93800
1928180,94169
1933386,954577
1925552,94251
1929397,95397
2088458,954946
2052952,95185
1912082,93709
2052725,93539
1946800,95202
2070248,1953511
2196874,954008
2260470,92247
1928909,93759
2068961,954125
1939696,95233
1916643,94154
2392780,954926
1943457,105488
1914860,96288
1914852,104570
2067101,1090652
2077037,953959
2203631,101212
2258519,949341
2258441,1086995
1927884,1090542
1914853,1087443
2382537,1088685
2053269,1087448
2203507,1087462
2196716,1090303
1923450,1087450
2219994,1726416
2260510,1084726
2070088,954200
2203774,99343
2260515,952555
1917017,954563
2117905,94338
2203530,100108
2197895,2137871
2203639,100356
2260534,101248
2074765,105252
2203641,100413
1923486,1092012
2053419,1087021
1925389,1086977
2203734,105615
1932626,101603
1914857,1090004
1944807,954394
2070090,954125
1946786,94127
2194261,1087035
2203736,1087208
2203644,97389
2194300,1084381
2387680,95275
2069761,954023
1931934,97859
2053486,1163178
1932623,2012732
1926836,103819
1922289,103381
1939865,102592
1918572,97172
1928983,95812
1931093,95728
1925400,1091759
2083698,104685
1941590,1084772
1917642,104677
1929576,96058
1928193,104140
1945998,1090301
1942416,100311
1934700,105172
2077472,99674
1920878,1084403
1929691,101880
1945584,101785
1923978,1084671
1937903,101534
1938801,953042
2053291,97280
1918831,953599
1912450,105246
1916952,104198
368774,100553
2203722,100381
2077470,956624
1920879,99699
1926690,1084583
1938795,953032
1923549,99744
2115311,95691
2051255,1084648
2203531,1084690
2077537,958549
1929631,96008
2748220,97445
1918575,1084577
1912031,99727
2111226,1087413
1939904,97794
2203741,100346
1927125,98605
1946180,104716
1921353,102231
2118599,92913
2051480,87936
2196255,104065
1921399,103349
2747790,106180
1927445,104863
2116035,92942
1945391,1094789
2387844,1087327
2387679,93282
1925708,101707
2387734,101084
1925091,100569
1925092,100948
1921393,102713
1925701,96591
1925707,97460
2387751,98032
1938798,953049
2392890,102922
2747795,100769
1923889,91752
2066334,103749
2387803,96348
2387808,102617
2258505,101246
2069769,101842
1921282,104224
599740,99206
2055630,98662
1920725,104582
1929394,95463
2052308,1087352
2052328,1087350
2052376,1087350
600059,99492
1939179,98471
2065471,101885
2196773,1864019
1943136,95854
1925557,954389
1939199,98470
1939171,101175
2070110,954145
2052515,97757
1926085,93286
1914855,104502
1917579,93573
1920200,1089448
2055338,954635
1919888,1089456
2197900,2146620
1924664,101184
2270652,1094946
2270654,1094946
2055677,102750
2077371,954688
1944233,104146
2069424,92895
1918570,97652
1941318,952837
2055674,958593
2069523,92153
1924499,115233
1941987,100654
1912452,96711
1943527,1086900
1941988,100653
1918562,1084689
2052949,103612
2052614,104473
1928750,91825
1941088,102271
1932613,103503
283582,93588
1938799,953044
2069219,115187
2052602,105855
2051230,103580
2069279,1091707
2054895,114978
2069187,94617
1915894,103392
1933333,1089604
1938802,953043
379346,2037284
2052535,952666
1945570,105209
1931979,953858
2054767,99180
1921331,104568
1920939,101631
1920944,103199
2070241,93314
1931108,105661
2080847,103299
1929695,104111
2054765,105982
1928673,105387
1925985,104117
1917015,93441
1920284,1719993
361553,1884052
1935396,1089019
1935398,1089018
1928766,105126
1921292,95648
1925666,104796
1931585,91794
1941617,105270
1922314,105420
1930414,94264
2124524,94677
1931500,102781
2054888,101896
2387912,1086132
1921425,951845
1925093,100686
1924027,104520
2053056,952505
1920285,103631
1929787,93334
1921439,104137
2068968,94860
1920293,1719995
2203717,98199
2067187,99553
1922315,105983
2074832,2028447
1946319,94939
1925127,99464
1915432,98480
2077260,101861
1928686,100998
2391522,96229
1930030,102224
1928102,94979
2068372,102173
2068838,951769
2069346,104471
2200070,98324
1946813,93689
2068878,104228
2054607,101090
2391524,99327
2067628,101154
2077862,93536
2391526,102222
2386740,100145
2054465,104421
2053689,2036559
1921835,956188
1912068,93902
1931849,102355
2069408,97513
1917062,102865
1930027,102224
1940385,97073
2068923,100408
2068882,97655
2673262,952440
1924309,100730
375369,97264
2056032,952947
1931908,105030
1920932,96110
2068571,96638
1920295,1090331
1924355,100707
1925555,95352
2054515,99511
1924308,953594
1915187,102989
2117290,93664
2077211,94072
1927593,954527
2068792,96242
2069437,93692
1915193,100418
1919299,97600
1913069,98692
1924349,99992
2112471,1086390
1945629,1083199
1923252,951669
2052694,955187
1924550,102400
1915798,91397
1928343,104539
1923258,952625
1923229,952404
1923241,951667
1923271,1089596
1930118,91362
1926790,96574
2383250,2685777
2112540,1084177
2199243,92568
2052409,98260
1916668,99762
1931748,95794
1927569,93503
2258063,954817
2067453,99528
2056229,97235
1940564,103481
2673323,91723
1923480,102745
1929735,98442
1917741,1089639
1923269,952502
2258486,105694
1915864,958664
1941665,954821
1921135,101135
1945961,96328
2127720,99494
1930003,104176
1928696,953505
957576,1086283
1940341,104349
1917040,98841
2051804,98772
2751572,104554
2392722,105200
2127722,101693
2383572,953233
1924330,103692
2051402,99474
1932562,101551
2065988,1163500
2065376,1910625
2194015,953056
1923463,97637
1949958,2011432
2065193,1088926
2068728,101657
2066651,954559
2194626,93883
1932995,952264
2092726,955630
2051415,2029247
1930136,95500
1923643,1091549
2050940,103557
2050941,99046
2066375,103531
2050982,1875947
2252955,106700
2065022,97213
2197832,98244
2092705,97510
2391856,1089655
2115990,108633
2751708,957304
2076332,113338
2074360,1895157
2269690,114465
1918707,106883
2382292,111252
2121866,949233
2385673,112244
2085748,948983
1919574,107283
1948074,106494
2063509,115269
2085952,107291
2063724,109445
2751728,949602
2195231,1084318
1946629,111782
1937784,949644
1914498,949465
2063070,115260
1921476,2146671
1921469,2146680
1921473,2146677
1921471,2146673
1921475,2146679
1921474,2146675
2063176,2146676
2063213,2146678
1921470,2146672
1921472,2146674
2063189,1884076
1937804,2159297
1937802,2159295
2063178,1884077
2063034,110044
2062983,108546
2063190,113811
2063203,1100282
2074038,114780
1921483,106801
2260087,109913
1946630,107628
2062989,112049
1942184,112792
2063031,1100282
2063507,112056
2195265,110659
2063101,111443
2063029,1170902
2063129,108671
2063042,113758
2063145,113319
1943006,115763
1947272,115301
1947275,108558
1947116,113304
1942348,114548
2063510,112057
2063027,1170903
2063024,949008
2063050,1089949
1946632,107628
1917671,1091453
1917672,1091451
1947274,111466
2063021,110691
2062995,108543
2063041,1091561
2074031,106766
2198995,113814
2091498,1090269
1938434,1091501
2074340,949555
2078290,948710
2072339,1884124
1917674,1091456
2062621,950993
1919539,1864046
2062403,951214
1915293,1091314
1941016,110627
2074338,950478
1915299,949617
2260113,1091381
1925496,2157060
2080250,951153
2259024,110409
2049630,949238
2064790,106080
2050895,2034549
1922812,106151
1927514,108302
2259050,106017
1929311,106080
2268846,112859
2078966,952066
2078902,101654
1921086,952276
2104352,100416
1926338,97662
2124035,100416
2104351,1083285
2673521,951915
2195890,100261
2385829,104708
1918412,953617
2271713,100460
2073338,1083251
2079291,1170888
2751294,99520
2078491,103879
1916892,1866123
2078492,103879
2078862,99345
2078864,99345
1933688,104877
1933690,97769
1946568,953835
2060379,100494
2050876,1953550
2385605,107399
1935513,112847
2384616,114458
1918408,953616
2682064,108285
2060063,99365
2385904,1088588
2385911,114455
1918713,112686
2049592,113096
2064742,950364
1938701,948285
1935331,113899
2049827,949814
2049591,113096
2050431,109708
1923572,1089620
1944562,114010
1935225,110994
2080221,112686
1944435,951437
2102719,949841
2049881,115456
1940033,951024
2064753,951491
2049344,1088655
2049604,109866
2076528,113517
2102723,948730
1935175,112794
2110081,1717966
1930975,111340
1935158,109226
2049829,949814
1935112,113928
1935168,110927
1935320,113921
2050678,110661
2115813,114433
1923582,109559
2393097,111505
1923583,114284
2386038,114037
1932309,112985
2049838,949842
2049382,950549
1935151,109227
1935245,111058
1942116,948317
1941496,107294
2074539,2034550
1935186,949056
1935165,109226
2259052,108289
1932299,108571
1942136,110207
1916847,1088532
1932402,949162
1916852,113464
2064896,113899
1912012,948718
1912856,112889
1944438,112689
1916841,113890
2050588,107145
1941277,114557
1914489,114001
1930718,106044
1912180,956803
2258956,112976
1941225,1088546
1922784,949172
2050857,113047
2049141,958072
1916876,112780
1928030,114083
2103187,95758
2050832,106086
2258982,112986
2050738,1090887
1922806,949195
1944798,106310
2258991,106729
1914487,106126
1928035,112896
1924448,111227
1946765,112104
1930631,106019
1915672,1089141
1928029,2028221
1928617,106019
2050575,108844
2049845,949814
1940689,950631
2104484,109316
2385351,114444
2070500,113862
2075858,950982
2384283,949674
1912408,110563
1944499,113062
1945681,1727134
1945713,112812
2392210,108707
2384548,951257
2392223,109773
2061993,109485
2386344,109099
2073556,109571
2386366,950290
2062011,109485
2749743,1716261
2062008,107551
2060722,950982
2124339,113108
2386423,113108
2124271,950493
2747681,113108
2124323,108797
2124324,114739
2061043,949526
1919809,114858
1942297,110600
1932684,1085943
1942294,108706
2061301,112891
1912411,110456
2061300,106701
2061295,115476
2061706,109297
2061298,112105
2054411,112895
1945717,948696
1927978,950352
1927979,115642
2061723,950617
1942291,108707
2061798,108087
1942295,108709
2051359,111934
1947304,113895
1915198,948843
2274268,2684800
1927963,112673
1944502,109406
1939705,950290
2063383,114928
1916168,111488
2062285,1858053
584319,112165
1938943,949781
1938945,1090042
2064293,950673
1937884,112798
2104453,113326
371372,108947
1938936,948122
1949156,109808
1939675,2014021
1948780,950449
2074310,112907
1914557,113039
2063007,113023
2063148,115496
1916572,106941
2063281,1859879
2195106,1092166
2252418,111713
2062958,114338
1948239,113629
2063846,108648
2262494,951073
1915315,1091310
1948277,1084303
364671,115708
1922910,957978
1922904,957985
1922906,957997
1940701,1088544
2064096,113611
1919525,1084322
2063237,1874503
2385258,112907
2064097,1722548
2218057,1088544
2269703,949313
1919578,112385
1916536,1089705
2260039,107030
2064093,1100480
2064113,114287
1919579,112413
2064112,114012
1941386,1091289
1928334,108399
1939759,115746
2064014,1884081
1948126,113959
2260041,107030
1947802,106846
2063364,113775
1928331,110630
1919581,110681
1920973,109264
2123795,112907
1922901,957985
1914462,110811
1948188,1089703
2391892,107498
2393043,114507
2109928,1953535
1919580,110679
1940699,108365
1919501,110870
1934716,108091
1914753,115124
1916064,108345
2057656,107811
1916566,109520
2064103,107382
1948167,109511
1943049,950561
2064105,110451
1916538,957972
1947797,948938
1923039,109545
1919500,110866
2121856,115121
1919509,949190
1948278,1091062
2127830,114620
1940775,115798
2382753,114595
1919518,110827
1923038,1089722
2063116,115658
1916052,111533
1928288,115240
2385697,107258
1916546,950985
2063161,108546
2064154,111111
1939108,1704437
1948256,1084304
2753458,114507
2063355,949992
1926978,107205
2072387,1084308
2195157,1090258
2195094,114680
1920967,950182
1938239,949543
2063361,115531
1914354,107434
1931810,106912
2195097,111295
2385289,1091408
2203287,2156697
2218046,1088544
2262860,2038583
2200372,2685648
2262772,107749
2671123,1091406
1939651,113612
2063401,107664
1940554,108473
1922891,950675
1927692,110643
1940700,108365
1915327,1090267
1927689,951298
1922902,957978
1927704,112000
1940698,108365
1915371,111729
2076229,949712
1915284,1090323
1927677,110641
1920957,110407
1920959,110405
2063410,1704440
2072440,957975
1939120,113501
2085970,114883
2063534,950302
2063531,112347
2203239,1092052
1938738,949394
2063357,115350
1927709,110652
2063543,108765
1939114,114535
1927617,949623
2074363,111024
1939116,115060
2064248,949392
1939098,114524
1925635,114087
1937871,112745
2063495,113249
2063694,108080
1944779,949113
2058725,949182
1915334,1476635
1925633,114095
1932488,114090
2267393,950922
1940440,112193
1923350,1163156
1940483,948611
2062880,110608
2195269,1091589
2076233,112268
1919593,950470
2220115,1875952
2195208,2156681
2220116,109022
1942317,114607
2260072,112533
1919586,950471
2074276,108577
1919287,1090256
2076214,114339
2214866,113672
2074271,112533
1948783,109625
1922886,948267
2063387,1091418
1940496,950590
1939012,1092107
1928335,108400
1932444,950516
2062915,110543
1935654,949065
1935642,951026
2063604,950192
1940476,110774
2063310,115457
1932090,113727
1914501,948139
2063297,114509
1913448,114240
1942231,106979
1940439,1091055
1932094,1162338
2076241,1090263
1919599,110776
2062854,949037
2195268,951294
2076242,1090264
2062767,948866
2063238,111474
1940480,108778
1914504,1722500
1932088,111548
1938972,112624
1928126,114045
1935593,106997
1935590,1090101
1947106,106918
1912208,107421
1948681,113189
1928128,113107
1941747,112864
2062364,1091319
2269724,1094237
1938456,1091503
1919516,1084320
1937888,106700
2062398,951373
2195311,1875937
1913444,112110
1919919,1872708
2059217,1864078
2105709,2031065
1938422,110064
1924065,110422
1935632,1875930
2062550,108766
1938462,110062
2062417,113554
1938459,948280
1941354,110718
1915264,112061
1947499,1884158
1935640,106239
1927315,110205
1925490,2157052
2062576,1091311
1935637,951022
2083972,108780
1915158,107239
2062365,1091317
1938451,110065
1922278,115254
1938817,114243
1915944,115181
1915269,112048
284839,114382
2056779,107967
2259627,106554
1940752,108710
1938465,110501
1947503,1884152
1915310,108649
1938453,1163198
2272350,1091134
1914826,113224
1914816,948882
1918592,948851
1919943,110041
1937477,111221
2059274,1090072
1923041,109545
2062397,108039
1939081,112828
2195300,109917
1946868,107459
2124553,1884157
1925916,111076
1941465,950322
1913750,109440
1941018,108808
1935641,107922
1915428,109125
2057797,109739
1948698,106436
2062368,949136
2062480,111691
1948813,950454
2072980,111781
2059025,950159
1935955,115218
1948777,1091048
1923329,106379
1923341,108579
1914817,113224
2058111,113892
2096039,106598
1919949,111373
2059226,1090969
1948087,1163493
2058401,951085
1913658,107380
1948097,957974
1926089,114937
1919708,950677
2059229,950769
2059230,110095
2271834,1089168
